rang,domaine,tier,categorie,acquisition,cout_an1,score,statut_21_08_2026,notes
1,chyten.com,T1,Enchères/expirés GoDaddy,Enchère ou BuyNow GoDaddy Auctions,1 $,192.8,lot réel vérifié 21/08/2026,age 27 ans; TF 26/CF 16; RD 82; BL 283; SV 20/mois; est. GoDaddy 1923 $; ATTENTION: ex-marque tutorat — vérifier dissolution
2,ucisl.com,T1,Enchères/expirés GoDaddy,Enchère ou BuyNow GoDaddy Auctions,16 $,192.4,lot réel vérifié 21/08/2026,age 16 ans; TF 35/CF 33; RD 144; BL 621; SV 70/mois; est. GoDaddy 1969 $
3,kwhw.com,T1,Enchères/expirés GoDaddy,Enchère ou BuyNow GoDaddy Auctions,150 $,187.9,lot réel vérifié 21/08/2026,age 29 ans; TF 25/CF 18; RD 87; BL 642; SV 20/mois; est. GoDaddy 3454 $
4,taftp.com,T1,Enchères/expirés GoDaddy,Enchère ou BuyNow GoDaddy Auctions,1 $,187.6,lot réel vérifié 21/08/2026,age 28 ans; TF 22/CF 26; RD 163; BL 1006; SV 20/mois; est. GoDaddy 1378 $
5,odspec.com,T1,Enchères/expirés GoDaddy,Enchère ou BuyNow GoDaddy Auctions,1 $,184.2,lot réel vérifié 21/08/2026,age 25 ans; TF 18/CF 12; RD 24; BL 330; SV 480/mois; est. GoDaddy 1931 $
6,syvva.com,T1,Enchères/expirés GoDaddy,Enchère ou BuyNow GoDaddy Auctions,11 $,182.5,lot réel vérifié 21/08/2026,age 25 ans; TF 24/CF 16; RD 156; BL 988; SV 0/mois; est. GoDaddy 1388 $
7,bandito.com,T1,Enchères/expirés GoDaddy,Enchère ou BuyNow GoDaddy Auctions,710 $,178.6,lot réel vérifié 21/08/2026,age 30 ans; TF 23/CF 10; RD 2170; BL 7227; SV 12100/mois; est. GoDaddy 9849 $
8,jacorp.com,T1,Enchères/expirés GoDaddy,Enchère ou BuyNow GoDaddy Auctions,1 $,174.0,lot réel vérifié 21/08/2026,age 27 ans; TF 2/CF 3; RD 203; BL 452; SV 2900/mois; est. GoDaddy 3798 $
9,kidneeds.com,T1,Enchères/expirés GoDaddy,Enchère ou BuyNow GoDaddy Auctions,1 $,170.3,lot réel vérifié 21/08/2026,age 27 ans; TF 25/CF 24; RD 162; BL 293; SV 20/mois; est. GoDaddy 1558 $
10,llnyc.com,T1,Enchères/expirés GoDaddy,Enchère ou BuyNow GoDaddy Auctions,1 $,167.3,lot réel vérifié 21/08/2026,age 20 ans; TF 9/CF 17; RD 320; BL 4437; SV 20/mois; est. GoDaddy 1533 $; ATTENTION: ex-magazine immo NYC défunt
11,arkahost.com,T1,Enchères/expirés GoDaddy,Enchère ou BuyNow GoDaddy Auctions,1 $,162.7,lot réel vérifié 21/08/2026,age 11 ans; TF 29/CF 29; RD 271; BL 114999; SV 40/mois; est. GoDaddy 2639 $; ATTENTION: profil de liens à auditer
12,elcantil.com,T1,Enchères/expirés GoDaddy,Enchère ou BuyNow GoDaddy Auctions,6 $,159.5,lot réel vérifié 21/08/2026,age 29 ans; TF 24/CF 17; RD 178; BL 232; SV 0/mois; est. GoDaddy 2082 $; ATTENTION: possible hôtel homonyme actif
13,rotoevil.com,T1,Enchères/expirés GoDaddy,Enchère ou BuyNow GoDaddy Auctions,1 $,158.7,lot réel vérifié 21/08/2026,age 19 ans; TF 21/CF 19; RD 174; BL 1193; SV 20/mois; est. GoDaddy 1400 $
14,jiyo.com,T1,Enchères/expirés GoDaddy,Enchère ou BuyNow GoDaddy Auctions,1161 $,158.4,lot réel vérifié 21/08/2026,age 23 ans; TF 9/CF 18; RD 210; BL 380; SV 170/mois; est. GoDaddy 13946 $
15,pixihq.com,T1,Enchères/expirés GoDaddy,Enchère ou BuyNow GoDaddy Auctions,1 $,157.7,lot réel vérifié 21/08/2026,age 8 ans; TF 23/CF 21; RD 145; BL 4171; SV 0/mois; est. GoDaddy 1711 $
16,franktitude.com,T1,Enchères/expirés GoDaddy,Enchère ou BuyNow GoDaddy Auctions,1 $,157.4,lot réel vérifié 21/08/2026,age 21 ans; TF 21/CF 13; RD 226; BL 40832; SV 20/mois; est. GoDaddy 616 $
17,hairparts.com,T1,Enchères/expirés GoDaddy,Enchère ou BuyNow GoDaddy Auctions,1 $,157.3,lot réel vérifié 21/08/2026,age 26 ans; TF 19/CF 12; RD 21; BL 46; SV 10/mois; est. GoDaddy 1919 $
18,vcsol.com,T1,Enchères/expirés GoDaddy,Enchère ou BuyNow GoDaddy Auctions,1 $,157.3,lot réel vérifié 21/08/2026,age 16 ans; TF 25/CF 14; RD 30; BL 51; SV 0/mois; est. GoDaddy 1829 $
19,qmayor.com,T1,Enchères/expirés GoDaddy,Enchère ou BuyNow GoDaddy Auctions,1 $,156.8,lot réel vérifié 21/08/2026,age 12 ans; TF 15/CF 20; RD 434; BL 2356; SV 0/mois; est. GoDaddy 1359 $
20,sugarhollow.com,T1,Enchères/expirés GoDaddy,Enchère ou BuyNow GoDaddy Auctions,1 $,156.7,lot réel vérifié 21/08/2026,age 30 ans; TF 25/CF 14; RD 50; BL 236; SV 20/mois; est. GoDaddy 2903 $
21,solutd.com,T1,Enchères/expirés GoDaddy,Enchère ou BuyNow GoDaddy Auctions,1 $,156.6,lot réel vérifié 21/08/2026,age 10 ans; TF 20/CF 22; RD 203; BL 958; SV 0/mois; est. GoDaddy 1365 $
22,winsorpilates.com,T1,Enchères/expirés GoDaddy,Enchère ou BuyNow GoDaddy Auctions,1 $,155.9,lot réel vérifié 21/08/2026,age 25 ans; TF 26/CF 18; RD 219; BL 875; SV 10/mois; est. GoDaddy 2596 $
23,intelseek.com,T1,Enchères/expirés GoDaddy,Enchère ou BuyNow GoDaddy Auctions,1 $,155.6,lot réel vérifié 21/08/2026,age 24 ans; TF 14/CF 23; RD 632; BL 3182; SV 10/mois; est. GoDaddy 3126 $
24,capitolbook.com,T1,Enchères/expirés GoDaddy,Enchère ou BuyNow GoDaddy Auctions,1 $,155.5,lot réel vérifié 21/08/2026,age 28 ans; TF 23/CF 15; RD 282; BL 404; SV 0/mois; est. GoDaddy 2255 $
25,ratecsa.com,T1,Enchères/expirés GoDaddy,Enchère ou BuyNow GoDaddy Auctions,1 $,155.3,lot réel vérifié 21/08/2026,age 20 ans; TF 20/CF 25; RD 130; BL 232; SV 20/mois; est. GoDaddy 1380 $
26,pfmagazine.com,T1,Enchères/expirés GoDaddy,Enchère ou BuyNow GoDaddy Auctions,150 $,154.9,lot réel vérifié 21/08/2026,age 19 ans; TF 25/CF 26; RD 2915; BL 606929; SV 0/mois; est. GoDaddy 1500 $; ATTENTION: ex-média — vérifier
27,snagaslip.com,T1,Enchères/expirés GoDaddy,Enchère ou BuyNow GoDaddy Auctions,1675 $,154.5,lot réel vérifié 21/08/2026,age 13 ans; TF 20/CF 28; RD 442; BL 126269; SV 170/mois; est. GoDaddy 3794 $
28,seedinvest.com,T1,Enchères/expirés GoDaddy,Enchère ou BuyNow GoDaddy Auctions,1475 $,154.3,lot réel vérifié 21/08/2026,age 22 ans; TF 14/CF 32; RD 1621; BL 10484; SV 1600/mois; est. GoDaddy 8862 $
29,agflow.com,T1,Enchères/expirés GoDaddy,Enchère ou BuyNow GoDaddy Auctions,355 $,153.5,lot réel vérifié 21/08/2026,age 14 ans; TF 10/CF 20; RD 176; BL 395; SV 70/mois; est. GoDaddy 2615 $; ATTENTION: ex-startup agtech — vérifier
30,footters.com,T1,Enchères/expirés GoDaddy,Enchère ou BuyNow GoDaddy Auctions,11 $,153.4,lot réel vérifié 21/08/2026,age 11 ans; TF 13/CF 22; RD 471; BL 7580; SV 170/mois; est. GoDaddy 3094 $
31,kttifm.com,T1,Enchères/expirés GoDaddy,Enchère ou BuyNow GoDaddy Auctions,1 $,152.5,lot réel vérifié 21/08/2026,age 25 ans; TF 13/CF 26; RD 87; BL 9481; SV 0/mois; est. GoDaddy 1234 $
32,adblo.com,T1,Enchères/expirés GoDaddy,Enchère ou BuyNow GoDaddy Auctions,40 $,152.3,lot réel vérifié 21/08/2026,age 3 ans; TF 3/CF 1; RD 1731; BL 29298; SV 590/mois; est. GoDaddy 1862 $
33,aosando.com,T1,Enchères/expirés GoDaddy,Enchère ou BuyNow GoDaddy Auctions,11 $,152.3,lot réel vérifié 21/08/2026,age 19 ans; TF 22/CF 17; RD 231; BL 8053; SV 0/mois; est. GoDaddy 1360 $
34,qualir.com,T1,Enchères/expirés GoDaddy,Enchère ou BuyNow GoDaddy Auctions,1 $,152.1,lot réel vérifié 21/08/2026,age 18 ans; TF 8/CF 15; RD 140; BL 273; SV 20/mois; est. GoDaddy 1662 $
35,vocing.com,T1,Enchères/expirés GoDaddy,Enchère ou BuyNow GoDaddy Auctions,1 $,151.9,lot réel vérifié 21/08/2026,age 6 ans; TF 12/CF 18; RD 374; BL 412; SV 30/mois; est. GoDaddy 1464 $
36,smtbus.com,T1,Enchères/expirés GoDaddy,Enchère ou BuyNow GoDaddy Auctions,1 $,151.3,lot réel vérifié 21/08/2026,age 30 ans; TF 14/CF 32; RD 381; BL 2108; SV 0/mois; est. GoDaddy 1638 $
37,worldescape.com,T1,Enchères/expirés GoDaddy,Enchère ou BuyNow GoDaddy Auctions,45 $,150.8,lot réel vérifié 21/08/2026,age 23 ans; TF 16/CF 33; RD 212; BL 47638; SV 40/mois; est. GoDaddy 4442 $
38,huraiz.com,T1,Enchères/expirés GoDaddy,Enchère ou BuyNow GoDaddy Auctions,1 $,150.8,lot réel vérifié 21/08/2026,age 13 ans; TF 8/CF 9; RD 26; BL 41; SV 20/mois; est. GoDaddy 1336 $
39,olebobs.com,T1,Enchères/expirés GoDaddy,Enchère ou BuyNow GoDaddy Auctions,1 $,149.9,lot réel vérifié 21/08/2026,age 23 ans; TF 29/CF 23; RD 38; BL 80; SV 0/mois; est. GoDaddy 1189 $
40,cafenola.com,T1,Enchères/expirés GoDaddy,Enchère ou BuyNow GoDaddy Auctions,1 $,148.7,lot réel vérifié 21/08/2026,age 23 ans; TF 24/CF 15; RD 54; BL 138; SV 0/mois; est. GoDaddy 1897 $
41,totalcallusa.com,T1,Enchères/expirés GoDaddy,Enchère ou BuyNow GoDaddy Auctions,1 $,148.5,lot réel vérifié 21/08/2026,age 26 ans; TF 22/CF 48; RD 814; BL 164716; SV 0/mois; est. GoDaddy 1204 $
42,polishtoledo.com,T1,Enchères/expirés GoDaddy,Enchère ou BuyNow GoDaddy Auctions,1 $,148.1,lot réel vérifié 21/08/2026,age 21 ans; TF 20/CF 21; RD 952; BL 1122; SV 0/mois; est. GoDaddy 917 $
43,thetourshow.com,T1,Enchères/expirés GoDaddy,Enchère ou BuyNow GoDaddy Auctions,11 $,148.0,lot réel vérifié 21/08/2026,age 22 ans; TF 17/CF 5; RD 2540; BL 57900; SV 0/mois; est. GoDaddy 1320 $
44,cdrking.com,T1,Enchères/expirés GoDaddy,Enchère ou BuyNow GoDaddy Auctions,1 $,147.2,lot réel vérifié 21/08/2026,age 23 ans; TF 11/CF 21; RD 336; BL 9003; SV 140/mois; est. GoDaddy 2722 $
45,menopauserx.com,T1,Enchères/expirés GoDaddy,Enchère ou BuyNow GoDaddy Auctions,1 $,147.0,lot réel vérifié 21/08/2026,age 27 ans; TF 17/CF 5; RD 62; BL 175; SV 40/mois; est. GoDaddy 1396 $
46,xemplar.com,T1,Enchères/expirés GoDaddy,Enchère ou BuyNow GoDaddy Auctions,31 $,146.9,lot réel vérifié 21/08/2026,age 30 ans; TF 14/CF 14; RD 73; BL 753; SV 20/mois; est. GoDaddy 5239 $
47,excitem.com,T1,Enchères/expirés GoDaddy,Enchère ou BuyNow GoDaddy Auctions,1 $,146.3,lot réel vérifié 21/08/2026,age 14 ans; TF 17/CF 24; RD 243; BL 10832; SV 20/mois; est. GoDaddy 2429 $
48,wescofountains.com,T1,Enchères/expirés GoDaddy,Enchère ou BuyNow GoDaddy Auctions,1 $,145.9,lot réel vérifié 21/08/2026,age 28 ans; TF 20/CF 13; RD 122; BL 153; SV 0/mois; est. GoDaddy 1220 $
49,widowpc.com,T1,Enchères/expirés GoDaddy,Enchère ou BuyNow GoDaddy Auctions,30 $,145.8,lot réel vérifié 21/08/2026,age 22 ans; TF 17/CF 33; RD 403; BL 2598; SV 0/mois; est. GoDaddy 742 $
50,whyrenton.com,T1,Enchères/expirés GoDaddy,Enchère ou BuyNow GoDaddy Auctions,1 $,145.2,lot réel vérifié 21/08/2026,age 12 ans; TF 23/CF 27; RD 446; BL 166774; SV 0/mois; est. GoDaddy 1447 $
51,nooonbooks.com,T1,Enchères/expirés GoDaddy,Enchère ou BuyNow GoDaddy Auctions,1 $,144.6,lot réel vérifié 21/08/2026,age 15 ans; TF 21/CF 17; RD 329; BL 874; SV 0/mois; est. GoDaddy 1567 $
52,bizimkocaeli.com,T1,Enchères/expirés GoDaddy,Enchère ou BuyNow GoDaddy Auctions,1 $,144.6,lot réel vérifié 21/08/2026,age 25 ans; TF 17/CF 16; RD 9955; BL 1311157; SV 0/mois; est. GoDaddy 292 $
53,avafleming.com,T1,Enchères/expirés GoDaddy,Enchère ou BuyNow GoDaddy Auctions,1 $,144.5,lot réel vérifié 21/08/2026,age 23 ans; TF 23/CF 16; RD 94; BL 272; SV 0/mois; est. GoDaddy 1239 $
54,ncautoexpo.com,T1,Enchères/expirés GoDaddy,Enchère ou BuyNow GoDaddy Auctions,55 $,144.5,lot réel vérifié 21/08/2026,age 28 ans; TF 24/CF 20; RD 47; BL 269; SV 0/mois; est. GoDaddy 1204 $
55,etoot.com,T1,Enchères/expirés GoDaddy,Enchère ou BuyNow GoDaddy Auctions,1 $,144.4,lot réel vérifié 21/08/2026,age 22 ans; TF 3/CF 15; RD 134; BL 337; SV 10/mois; est. GoDaddy 2282 $
56,lalforest.com,T1,Enchères/expirés GoDaddy,Enchère ou BuyNow GoDaddy Auctions,1 $,144.2,lot réel vérifié 21/08/2026,age 22 ans; TF 19/CF 16; RD 58; BL 328; SV 0/mois; est. GoDaddy 1266 $
57,sandiegopet.com,T1,Enchères/expirés GoDaddy,Enchère ou BuyNow GoDaddy Auctions,42 $,144.1,lot réel vérifié 21/08/2026,age 28 ans; TF 25/CF 18; RD 74; BL 147; SV 0/mois; est. GoDaddy 1649 $
58,ahepburn.com,T1,Enchères/expirés GoDaddy,Enchère ou BuyNow GoDaddy Auctions,1 $,144.1,lot réel vérifié 21/08/2026,age 22 ans; TF 21/CF 15; RD 75; BL 146; SV 0/mois; est. GoDaddy 1146 $
59,airexamples.com,T1,Enchères/expirés GoDaddy,Enchère ou BuyNow GoDaddy Auctions,1 $,144.1,lot réel vérifié 21/08/2026,age 19 ans; TF 14/CF 27; RD 153; BL 261; SV 0/mois; est. GoDaddy 1380 $
60,umwelt.com,T1,Enchères/expirés GoDaddy,Enchère ou BuyNow GoDaddy Auctions,16 $,144.0,lot réel vérifié 21/08/2026,age 15 ans; TF 0/CF 14; RD 97; BL 108; SV 2400/mois; est. GoDaddy 12471 $
61,marewatchers.com,T1,Enchères/expirés GoDaddy,Enchère ou BuyNow GoDaddy Auctions,1 $,143.6,lot réel vérifié 21/08/2026,age 18 ans; TF 17/CF 16; RD 180; BL 359; SV 20/mois; est. GoDaddy 1235 $
62,epocainfo.com,T1,Enchères/expirés GoDaddy,Enchère ou BuyNow GoDaddy Auctions,1 $,143.5,lot réel vérifié 21/08/2026,age 23 ans; TF 9/CF 15; RD 171; BL 266; SV 0/mois; est. GoDaddy 327 $
63,kadca.com,T1,Enchères/expirés GoDaddy,Enchère ou BuyNow GoDaddy Auctions,1 $,143.1,lot réel vérifié 21/08/2026,age 20 ans; TF 18/CF 8; RD 3; BL 6; SV 10/mois; est. GoDaddy 1684 $
64,arukai.com,T1,Enchères/expirés GoDaddy,Enchère ou BuyNow GoDaddy Auctions,1 $,142.8,lot réel vérifié 21/08/2026,age 2 ans; TF 17/CF 29; RD 534; BL 1723; SV 0/mois; est. GoDaddy 1286 $
65,juegan.com,T1,Enchères/expirés GoDaddy,Enchère ou BuyNow GoDaddy Auctions,1 $,142.7,lot réel vérifié 21/08/2026,age 22 ans; TF 2/CF 21; RD 26; BL 36; SV 480/mois; est. GoDaddy 2666 $
66,vilatimes.com,T1,Enchères/expirés GoDaddy,Enchère ou BuyNow GoDaddy Auctions,1 $,142.3,lot réel vérifié 21/08/2026,age 9 ans; TF 24/CF 31; RD 538; BL 4505; SV 0/mois; est. GoDaddy 1421 $
67,keyrx.com,T1,Enchères/expirés GoDaddy,Enchère ou BuyNow GoDaddy Auctions,80 $,142.1,lot réel vérifié 21/08/2026,age 20 ans; TF 3/CF 1; RD 27; BL 43; SV 20/mois; est. GoDaddy 2574 $
68,huskup.com,T1,Enchères/expirés GoDaddy,Enchère ou BuyNow GoDaddy Auctions,1 $,142.0,lot réel vérifié 21/08/2026,age 9 ans; TF 5/CF 2; RD 83; BL 108; SV 20/mois; est. GoDaddy 1487 $
69,dochcoin.com,T1,Enchères/expirés GoDaddy,Enchère ou BuyNow GoDaddy Auctions,1 $,141.6,lot réel vérifié 21/08/2026,age 7 ans; TF 19/CF 31; RD 521; BL 25089; SV 0/mois; est. GoDaddy 1342 $
70,hardiment.com,T1,Enchères/expirés GoDaddy,Enchère ou BuyNow GoDaddy Auctions,1 $,141.6,lot réel vérifié 21/08/2026,age 23 ans; TF 19/CF 6; RD 21; BL 26; SV 20/mois; est. GoDaddy 1651 $
71,pubsales.com,T1,Enchères/expirés GoDaddy,Enchère ou BuyNow GoDaddy Auctions,1 $,141.6,lot réel vérifié 21/08/2026,age 27 ans; TF 3/CF 1; RD 552; BL 1418; SV 10/mois; est. GoDaddy 2692 $
72,snapnet.com,T1,Enchères/expirés GoDaddy,Enchère ou BuyNow GoDaddy Auctions,1225 $,141.0,lot réel vérifié 21/08/2026,age 25 ans; TF 19/CF 14; RD 35; BL 39; SV 110/mois; est. GoDaddy 7841 $
73,remj.com,T1,Enchères/expirés GoDaddy,Enchère ou BuyNow GoDaddy Auctions,156 $,141.0,lot réel vérifié 21/08/2026,age 24 ans; TF 0/CF 9; RD 11; BL 11; SV 260/mois; est. GoDaddy 2986 $
74,noiket.com,T1,Enchères/expirés GoDaddy,Enchère ou BuyNow GoDaddy Auctions,1 $,140.6,lot réel vérifié 21/08/2026,age 21 ans; TF 13/CF 12; RD 19; BL 32; SV 0/mois; est. GoDaddy 1906 $
75,roksport.com,T1,Enchères/expirés GoDaddy,Enchère ou BuyNow GoDaddy Auctions,1 $,140.6,lot réel vérifié 21/08/2026,age 26 ans; TF 26/CF 14; RD 39; BL 1184; SV 0/mois; est. GoDaddy 112 $
76,columbianvoodoo.com,T1,Enchères/expirés GoDaddy,Enchère ou BuyNow GoDaddy Auctions,1 $,140.6,lot réel vérifié 21/08/2026,age 24 ans; TF 24/CF 20; RD 204; BL 495; SV 0/mois; est. GoDaddy 695 $
77,droidhorizon.com,T1,Enchères/expirés GoDaddy,Enchère ou BuyNow GoDaddy Auctions,1 $,140.2,lot réel vérifié 21/08/2026,age 14 ans; TF 22/CF 27; RD 425; BL 754; SV 0/mois; est. GoDaddy 1184 $
78,merqueo.com,T1,Enchères/expirés GoDaddy,Enchère ou BuyNow GoDaddy Auctions,11 $,140.2,lot réel vérifié 21/08/2026,age 11 ans; TF 8/CF 25; RD 364; BL 1889; SV 110/mois; est. GoDaddy 3677 $
79,dawoer.com,T1,Enchères/expirés GoDaddy,Enchère ou BuyNow GoDaddy Auctions,1 $,139.7,lot réel vérifié 21/08/2026,age 22 ans; TF 9/CF 13; RD 46; BL 206; SV 0/mois; est. GoDaddy 2140 $
80,absorver.com,T1,Enchères/expirés GoDaddy,Enchère ou BuyNow GoDaddy Auctions,1 $,138.9,lot réel vérifié 21/08/2026,age 8 ans; TF 13/CF 27; RD 478; BL 30918; SV 210/mois; est. GoDaddy 1380 $
81,taiwanglobe.com,T1,Enchères/expirés GoDaddy,Enchère ou BuyNow GoDaddy Auctions,1 $,138.9,lot réel vérifié 21/08/2026,age 27 ans; TF 9/CF 14; RD 191; BL 609; SV 0/mois; est. GoDaddy 1327 $
82,comedycapers.com,T1,Enchères/expirés GoDaddy,Enchère ou BuyNow GoDaddy Auctions,1 $,138.9,lot réel vérifié 21/08/2026,age 27 ans; TF 20/CF 13; RD 25; BL 5092; SV 0/mois; est. GoDaddy 1173 $
83,equitector.com,T1,Enchères/expirés GoDaddy,Enchère ou BuyNow GoDaddy Auctions,1 $,138.7,lot réel vérifié 21/08/2026,age 24 ans; TF 20/CF 14; RD 26; BL 226; SV 20/mois; est. GoDaddy 1376 $
84,netbiblestudy.com,T1,Enchères/expirés GoDaddy,Enchère ou BuyNow GoDaddy Auctions,1 $,138.2,lot réel vérifié 21/08/2026,age 25 ans; TF 22/CF 13; RD 65; BL 132; SV 20/mois; est. GoDaddy 1538 $
85,eeicorp.com,T1,Enchères/expirés GoDaddy,Enchère ou BuyNow GoDaddy Auctions,1 $,138.0,lot réel vérifié 21/08/2026,age 27 ans; TF 22/CF 13; RD 32; BL 53; SV 0/mois; est. GoDaddy 1731 $
86,readingonwalden.com,T1,Enchères/expirés GoDaddy,Enchère ou BuyNow GoDaddy Auctions,1 $,137.9,lot réel vérifié 21/08/2026,age 27 ans; TF 26/CF 24; RD 148; BL 9442; SV 0/mois; est. GoDaddy 396 $
87,citait.com,T1,Enchères/expirés GoDaddy,Enchère ou BuyNow GoDaddy Auctions,40 $,137.8,lot réel vérifié 21/08/2026,age 1 ans; TF 13/CF 1; RD 10; BL 11; SV 30/mois; est. GoDaddy 1625 $
88,speedresearch.com,T1,Enchères/expirés GoDaddy,Enchère ou BuyNow GoDaddy Auctions,6 $,137.5,lot réel vérifié 21/08/2026,age 27 ans; TF 43/CF 30; RD 73; BL 348; SV 0/mois; est. GoDaddy 3558 $
89,bifury.com,T1,Enchères/expirés GoDaddy,Enchère ou BuyNow GoDaddy Auctions,50 $,137.3,lot réel vérifié 21/08/2026,age 1 ans; TF 13/CF 17; RD 64; BL 24113; SV 140/mois; est. GoDaddy 1459 $
90,strippernet.com,T1,Enchères/expirés GoDaddy,Enchère ou BuyNow GoDaddy Auctions,1 $,136.9,lot réel vérifié 21/08/2026,age 30 ans; TF 22/CF 14; RD 19; BL 58; SV 20/mois; est. GoDaddy 963 $
91,mobilusmedia.com,T1,Enchères/expirés GoDaddy,Enchère ou BuyNow GoDaddy Auctions,1 $,136.9,lot réel vérifié 21/08/2026,age 25 ans; TF 10/CF 15; RD 162; BL 225; SV 0/mois; est. GoDaddy 1243 $
92,gaypad.com,T1,Enchères/expirés GoDaddy,Enchère ou BuyNow GoDaddy Auctions,1 $,136.8,lot réel vérifié 21/08/2026,age 28 ans; TF 6/CF 12; RD 19; BL 27; SV 20/mois; est. GoDaddy 2127 $
93,playwho.com,T1,Enchères/expirés GoDaddy,Enchère ou BuyNow GoDaddy Auctions,1 $,136.7,lot réel vérifié 21/08/2026,age 22 ans; TF 8/CF 16; RD 176; BL 416; SV 20/mois; est. GoDaddy 1542 $
94,cdrlog.com,T1,Enchères/expirés GoDaddy,Enchère ou BuyNow GoDaddy Auctions,1 $,136.7,lot réel vérifié 21/08/2026,age 25 ans; TF 19/CF 19; RD 23; BL 47; SV 0/mois; est. GoDaddy 1278 $
95,legalworkplace.com,T1,Enchères/expirés GoDaddy,Enchère ou BuyNow GoDaddy Auctions,1 $,136.6,lot réel vérifié 21/08/2026,age 21 ans; TF 24/CF 16; RD 192; BL 351; SV 0/mois; est. GoDaddy 2786 $
96,pqhost.com,T1,Enchères/expirés GoDaddy,Enchère ou BuyNow GoDaddy Auctions,1 $,136.4,lot réel vérifié 21/08/2026,age 23 ans; TF 3/CF 1; RD 19; BL 72; SV 10/mois; est. GoDaddy 929 $
97,copayline.com,T2,Jargon B2B — le mot exact du métier,Enregistrement direct (vérifié disponible 21/08/2026),11 $,76.0,disponible (RDAP registre),
98,copaylog.com,T2,Jargon B2B — le mot exact du métier,Enregistrement direct (vérifié disponible 21/08/2026),11 $,76.0,disponible (RDAP registre),
99,copaydesk.com,T2,Jargon B2B — le mot exact du métier,Enregistrement direct (vérifié disponible 21/08/2026),11 $,76.0,disponible (RDAP registre),
100,remitsops.com,T2,Jargon B2B — le mot exact du métier,Enregistrement direct (vérifié disponible 21/08/2026),11 $,76.0,disponible (RDAP registre),
101,payoffops.com,T2,Jargon B2B — le mot exact du métier,Enregistrement direct (vérifié disponible 21/08/2026),11 $,76.0,disponible (RDAP registre),
102,copaygrid.com,T2,Jargon B2B — le mot exact du métier,Enregistrement direct (vérifié disponible 21/08/2026),11 $,76.0,disponible (RDAP registre),
103,payofflog.com,T2,Jargon B2B — le mot exact du métier,Enregistrement direct (vérifié disponible 21/08/2026),11 $,76.0,disponible (RDAP registre),
104,locumsops.com,T2,Jargon B2B — le mot exact du métier,Enregistrement direct (vérifié disponible 21/08/2026),11 $,75.0,disponible (RDAP registre),
105,assaysops.com,T2,Jargon B2B — le mot exact du métier,Enregistrement direct (vérifié disponible 21/08/2026),11 $,75.0,disponible (RDAP registre),
106,liensmint.com,T2,Jargon B2B — le mot exact du métier,Enregistrement direct (vérifié disponible 21/08/2026),11 $,74.0,disponible (RDAP registre),
107,liensroom.com,T2,Jargon B2B — le mot exact du métier,Enregistrement direct (vérifié disponible 21/08/2026),11 $,74.0,disponible (RDAP registre),
108,liensdock.com,T2,Jargon B2B — le mot exact du métier,Enregistrement direct (vérifié disponible 21/08/2026),11 $,74.0,disponible (RDAP registre),
109,liensdesk.com,T2,Jargon B2B — le mot exact du métier,Enregistrement direct (vérifié disponible 21/08/2026),11 $,74.0,disponible (RDAP registre),
110,liensops.com,T2,Jargon B2B — le mot exact du métier,Enregistrement direct (vérifié disponible 21/08/2026),11 $,74.0,disponible (RDAP registre),
111,lienindex.com,T2,Jargon B2B — le mot exact du métier,Enregistrement direct (vérifié disponible 21/08/2026),11 $,74.0,disponible (RDAP registre),
112,deedslog.com,T2,Jargon B2B — le mot exact du métier,Enregistrement direct (vérifié disponible 21/08/2026),11 $,74.0,disponible (RDAP registre),
113,liensyard.com,T2,Jargon B2B — le mot exact du métier,Enregistrement direct (vérifié disponible 21/08/2026),11 $,74.0,disponible (RDAP registre),
114,feederlog.com,T2,Jargon B2B — le mot exact du métier,Enregistrement direct (vérifié disponible 21/08/2026),11 $,73.0,disponible (RDAP registre),
115,subrogrid.com,T2,Jargon B2B — le mot exact du métier,Enregistrement direct (vérifié disponible 21/08/2026),11 $,73.0,disponible (RDAP registre),
116,feederops.com,T2,Jargon B2B — le mot exact du métier,Enregistrement direct (vérifié disponible 21/08/2026),11 $,73.0,disponible (RDAP registre),
117,dockaudit.com,T2,Jargon B2B — le mot exact du métier,Enregistrement direct (vérifié disponible 21/08/2026),11 $,71.0,disponible (RDAP registre),
118,lotsaudit.com,T2,Jargon B2B — le mot exact du métier,Enregistrement direct (vérifié disponible 21/08/2026),11 $,71.0,disponible (RDAP registre),
119,paystubsdock.com,T2,Jargon B2B — le mot exact du métier,Enregistrement direct (vérifié disponible 21/08/2026),11 $,66.0,disponible (RDAP registre),
120,paystubsops.com,T2,Jargon B2B — le mot exact du métier,Enregistrement direct (vérifié disponible 21/08/2026),11 $,66.0,disponible (RDAP registre),
121,paystubsroom.com,T2,Jargon B2B — le mot exact du métier,Enregistrement direct (vérifié disponible 21/08/2026),11 $,66.0,disponible (RDAP registre),
122,copayclerk.com,T2,Jargon B2B — le mot exact du métier,Enregistrement direct (vérifié disponible 21/08/2026),11 $,66.0,disponible (RDAP registre),
123,remitsindex.com,T2,Jargon B2B — le mot exact du métier,Enregistrement direct (vérifié disponible 21/08/2026),11 $,66.0,disponible (RDAP registre),
124,loanbuybacks.com,T2,Jargon B2B — le mot exact du métier,Enregistrement direct (vérifié disponible 21/08/2026),11 $,66.0,disponible (RDAP registre),
125,remitsdock.com,T2,Jargon B2B — le mot exact du métier,Enregistrement direct (vérifié disponible 21/08/2026),11 $,66.0,disponible (RDAP registre),
126,escrowsline.com,T2,Jargon B2B — le mot exact du métier,Enregistrement direct (vérifié disponible 21/08/2026),11 $,66.0,disponible (RDAP registre),
127,payoffaudits.com,T2,Jargon B2B — le mot exact du métier,Enregistrement direct (vérifié disponible 21/08/2026),11 $,66.0,disponible (RDAP registre),
128,payeraudits.com,T2,Jargon B2B — le mot exact du métier,Enregistrement direct (vérifié disponible 21/08/2026),11 $,66.0,disponible (RDAP registre),
129,remitsaudit.com,T2,Jargon B2B — le mot exact du métier,Enregistrement direct (vérifié disponible 21/08/2026),11 $,66.0,disponible (RDAP registre),
130,paystubsline.com,T2,Jargon B2B — le mot exact du métier,Enregistrement direct (vérifié disponible 21/08/2026),11 $,66.0,disponible (RDAP registre),
131,payablesroom.com,T2,Jargon B2B — le mot exact du métier,Enregistrement direct (vérifié disponible 21/08/2026),11 $,66.0,disponible (RDAP registre),
132,payableswire.com,T2,Jargon B2B — le mot exact du métier,Enregistrement direct (vérifié disponible 21/08/2026),11 $,66.0,disponible (RDAP registre),
133,remitsaudits.com,T2,Jargon B2B — le mot exact du métier,Enregistrement direct (vérifié disponible 21/08/2026),11 $,66.0,disponible (RDAP registre),
134,payablesdock.com,T2,Jargon B2B — le mot exact du métier,Enregistrement direct (vérifié disponible 21/08/2026),11 $,66.0,disponible (RDAP registre),
135,escrowsyard.com,T2,Jargon B2B — le mot exact du métier,Enregistrement direct (vérifié disponible 21/08/2026),11 $,66.0,disponible (RDAP registre),
136,paystubswire.com,T2,Jargon B2B — le mot exact du métier,Enregistrement direct (vérifié disponible 21/08/2026),11 $,66.0,disponible (RDAP registre),
137,escrowsworks.com,T2,Jargon B2B — le mot exact du métier,Enregistrement direct (vérifié disponible 21/08/2026),11 $,66.0,disponible (RDAP registre),
138,chargerdesk.com,T2,Jargon B2B — le mot exact du métier,Enregistrement direct (vérifié disponible 21/08/2026),11 $,66.0,disponible (RDAP registre),
139,escrowsgauge.com,T2,Jargon B2B — le mot exact du métier,Enregistrement direct (vérifié disponible 21/08/2026),11 $,66.0,disponible (RDAP registre),
140,payoffindex.com,T2,Jargon B2B — le mot exact du métier,Enregistrement direct (vérifié disponible 21/08/2026),11 $,66.0,disponible (RDAP registre),
141,escrowsmint.com,T2,Jargon B2B — le mot exact du métier,Enregistrement direct (vérifié disponible 21/08/2026),11 $,66.0,disponible (RDAP registre),
142,payoffyard.com,T2,Jargon B2B — le mot exact du métier,Enregistrement direct (vérifié disponible 21/08/2026),11 $,66.0,disponible (RDAP registre),
143,payableslog.com,T2,Jargon B2B — le mot exact du métier,Enregistrement direct (vérifié disponible 21/08/2026),11 $,66.0,disponible (RDAP registre),
144,payablesdesk.com,T2,Jargon B2B — le mot exact du métier,Enregistrement direct (vérifié disponible 21/08/2026),11 $,66.0,disponible (RDAP registre),
145,copayaudits.com,T2,Jargon B2B — le mot exact du métier,Enregistrement direct (vérifié disponible 21/08/2026),11 $,66.0,disponible (RDAP registre),
146,copaystack.com,T2,Jargon B2B — le mot exact du métier,Enregistrement direct (vérifié disponible 21/08/2026),11 $,66.0,disponible (RDAP registre),
147,copayarchive.com,T2,Jargon B2B — le mot exact du métier,Enregistrement direct (vérifié disponible 21/08/2026),11 $,66.0,disponible (RDAP registre),
148,copaycharter.com,T2,Jargon B2B — le mot exact du métier,Enregistrement direct (vérifié disponible 21/08/2026),11 $,66.0,disponible (RDAP registre),
149,copayfoundry.com,T2,Jargon B2B — le mot exact du métier,Enregistrement direct (vérifié disponible 21/08/2026),11 $,66.0,disponible (RDAP registre),
150,remitswire.com,T2,Jargon B2B — le mot exact du métier,Enregistrement direct (vérifié disponible 21/08/2026),11 $,66.0,disponible (RDAP registre),
151,copaybench.com,T2,Jargon B2B — le mot exact du métier,Enregistrement direct (vérifié disponible 21/08/2026),11 $,66.0,disponible (RDAP registre),
152,remitsrelay.com,T2,Jargon B2B — le mot exact du métier,Enregistrement direct (vérifié disponible 21/08/2026),11 $,66.0,disponible (RDAP registre),
153,paystubsyard.com,T2,Jargon B2B — le mot exact du métier,Enregistrement direct (vérifié disponible 21/08/2026),11 $,66.0,disponible (RDAP registre),
154,copaysuite.com,T2,Jargon B2B — le mot exact du métier,Enregistrement direct (vérifié disponible 21/08/2026),11 $,66.0,disponible (RDAP registre),
155,escrowsops.com,T2,Jargon B2B — le mot exact du métier,Enregistrement direct (vérifié disponible 21/08/2026),11 $,66.0,disponible (RDAP registre),
156,payoffwire.com,T2,Jargon B2B — le mot exact du métier,Enregistrement direct (vérifié disponible 21/08/2026),11 $,66.0,disponible (RDAP registre),
157,payoffroom.com,T2,Jargon B2B — le mot exact du métier,Enregistrement direct (vérifié disponible 21/08/2026),11 $,66.0,disponible (RDAP registre),
158,remitstally.com,T2,Jargon B2B — le mot exact du métier,Enregistrement direct (vérifié disponible 21/08/2026),11 $,66.0,disponible (RDAP registre),
159,payoffdock.com,T2,Jargon B2B — le mot exact du métier,Enregistrement direct (vérifié disponible 21/08/2026),11 $,66.0,disponible (RDAP registre),
160,payoffvault.com,T2,Jargon B2B — le mot exact du métier,Enregistrement direct (vérifié disponible 21/08/2026),11 $,66.0,disponible (RDAP registre),
161,remitsvault.com,T2,Jargon B2B — le mot exact du métier,Enregistrement direct (vérifié disponible 21/08/2026),11 $,66.0,disponible (RDAP registre),
162,copayindex.com,T2,Jargon B2B — le mot exact du métier,Enregistrement direct (vérifié disponible 21/08/2026),11 $,66.0,disponible (RDAP registre),
163,remitsroom.com,T2,Jargon B2B — le mot exact du métier,Enregistrement direct (vérifié disponible 21/08/2026),11 $,66.0,disponible (RDAP registre),
164,payoffsuite.com,T2,Jargon B2B — le mot exact du métier,Enregistrement direct (vérifié disponible 21/08/2026),11 $,66.0,disponible (RDAP registre),
165,escrowslog.com,T2,Jargon B2B — le mot exact du métier,Enregistrement direct (vérifié disponible 21/08/2026),11 $,66.0,disponible (RDAP registre),
166,copaydesks.com,T2,Jargon B2B — le mot exact du métier,Enregistrement direct (vérifié disponible 21/08/2026),11 $,66.0,disponible (RDAP registre),
167,remitsbench.com,T2,Jargon B2B — le mot exact du métier,Enregistrement direct (vérifié disponible 21/08/2026),11 $,66.0,disponible (RDAP registre),
168,remitsworks.com,T2,Jargon B2B — le mot exact du métier,Enregistrement direct (vérifié disponible 21/08/2026),11 $,66.0,disponible (RDAP registre),
169,payoffboard.com,T2,Jargon B2B — le mot exact du métier,Enregistrement direct (vérifié disponible 21/08/2026),11 $,66.0,disponible (RDAP registre),
170,locumsindex.com,T2,Jargon B2B — le mot exact du métier,Enregistrement direct (vérifié disponible 21/08/2026),11 $,65.0,disponible (RDAP registre),
171,assaysaudit.com,T2,Jargon B2B — le mot exact du métier,Enregistrement direct (vérifié disponible 21/08/2026),11 $,65.0,disponible (RDAP registre),
172,formularyops.com,T2,Jargon B2B — le mot exact du métier,Enregistrement direct (vérifié disponible 21/08/2026),11 $,65.0,disponible (RDAP registre),
173,denialsgauge.com,T2,Jargon B2B — le mot exact du métier,Enregistrement direct (vérifié disponible 21/08/2026),11 $,65.0,disponible (RDAP registre),
174,assaysaudits.com,T2,Jargon B2B — le mot exact du métier,Enregistrement direct (vérifié disponible 21/08/2026),11 $,65.0,disponible (RDAP registre),
175,denialsworks.com,T2,Jargon B2B — le mot exact du métier,Enregistrement direct (vérifié disponible 21/08/2026),11 $,65.0,disponible (RDAP registre),
176,denialstally.com,T2,Jargon B2B — le mot exact du métier,Enregistrement direct (vérifié disponible 21/08/2026),11 $,65.0,disponible (RDAP registre),
177,locumsaudit.com,T2,Jargon B2B — le mot exact du métier,Enregistrement direct (vérifié disponible 21/08/2026),11 $,65.0,disponible (RDAP registre),
178,assaysdesks.com,T2,Jargon B2B — le mot exact du métier,Enregistrement direct (vérifié disponible 21/08/2026),11 $,65.0,disponible (RDAP registre),
179,assaysrelay.com,T2,Jargon B2B — le mot exact du métier,Enregistrement direct (vérifié disponible 21/08/2026),11 $,65.0,disponible (RDAP registre),
180,denialsdock.com,T2,Jargon B2B — le mot exact du métier,Enregistrement direct (vérifié disponible 21/08/2026),11 $,65.0,disponible (RDAP registre),
181,denialsmint.com,T2,Jargon B2B — le mot exact du métier,Enregistrement direct (vérifié disponible 21/08/2026),11 $,65.0,disponible (RDAP registre),
182,locumsdesk.com,T2,Jargon B2B — le mot exact du métier,Enregistrement direct (vérifié disponible 21/08/2026),11 $,65.0,disponible (RDAP registre),
183,locumsvault.com,T2,Jargon B2B — le mot exact du métier,Enregistrement direct (vérifié disponible 21/08/2026),11 $,65.0,disponible (RDAP registre),
184,vo2clinics.com,T2,Jargon B2B — le mot exact du métier,Enregistrement direct (vérifié disponible 21/08/2026),11 $,65.0,disponible (RDAP registre),
185,assayswire.com,T2,Jargon B2B — le mot exact du métier,Enregistrement direct (vérifié disponible 21/08/2026),11 $,65.0,disponible (RDAP registre),
186,assaysindex.com,T2,Jargon B2B — le mot exact du métier,Enregistrement direct (vérifié disponible 21/08/2026),11 $,65.0,disponible (RDAP registre),
187,locumsyard.com,T2,Jargon B2B — le mot exact du métier,Enregistrement direct (vérifié disponible 21/08/2026),11 $,65.0,disponible (RDAP registre),
188,assaysyard.com,T2,Jargon B2B — le mot exact du métier,Enregistrement direct (vérifié disponible 21/08/2026),11 $,65.0,disponible (RDAP registre),
189,locumsledger.com,T2,Jargon B2B — le mot exact du métier,Enregistrement direct (vérifié disponible 21/08/2026),11 $,65.0,disponible (RDAP registre),
190,locumsbench.com,T2,Jargon B2B — le mot exact du métier,Enregistrement direct (vérifié disponible 21/08/2026),11 $,65.0,disponible (RDAP registre),
191,assaysline.com,T2,Jargon B2B — le mot exact du métier,Enregistrement direct (vérifié disponible 21/08/2026),11 $,65.0,disponible (RDAP registre),
192,denialsdesks.com,T2,Jargon B2B — le mot exact du métier,Enregistrement direct (vérifié disponible 21/08/2026),11 $,65.0,disponible (RDAP registre),
193,denialsyard.com,T2,Jargon B2B — le mot exact du métier,Enregistrement direct (vérifié disponible 21/08/2026),11 $,65.0,disponible (RDAP registre),
194,denialsops.com,T2,Jargon B2B — le mot exact du métier,Enregistrement direct (vérifié disponible 21/08/2026),11 $,65.0,disponible (RDAP registre),
195,assaysmint.com,T2,Jargon B2B — le mot exact du métier,Enregistrement direct (vérifié disponible 21/08/2026),11 $,65.0,disponible (RDAP registre),
196,assaystally.com,T2,Jargon B2B — le mot exact du métier,Enregistrement direct (vérifié disponible 21/08/2026),11 $,65.0,disponible (RDAP registre),
197,denialsdesk.com,T2,Jargon B2B — le mot exact du métier,Enregistrement direct (vérifié disponible 21/08/2026),11 $,65.0,disponible (RDAP registre),
198,locumsmint.com,T2,Jargon B2B — le mot exact du métier,Enregistrement direct (vérifié disponible 21/08/2026),11 $,65.0,disponible (RDAP registre),
199,denialsaudit.com,T2,Jargon B2B — le mot exact du métier,Enregistrement direct (vérifié disponible 21/08/2026),11 $,65.0,disponible (RDAP registre),
200,assaysdesk.com,T2,Jargon B2B — le mot exact du métier,Enregistrement direct (vérifié disponible 21/08/2026),11 $,65.0,disponible (RDAP registre),
201,docketstally.com,T2,Jargon B2B — le mot exact du métier,Enregistrement direct (vérifié disponible 21/08/2026),11 $,64.0,disponible (RDAP registre),
202,probatemint.com,T2,Jargon B2B — le mot exact du métier,Enregistrement direct (vérifié disponible 21/08/2026),11 $,64.0,disponible (RDAP registre),
203,docketsops.com,T2,Jargon B2B — le mot exact du métier,Enregistrement direct (vérifié disponible 21/08/2026),11 $,64.0,disponible (RDAP registre),
204,deedsfoundry.com,T2,Jargon B2B — le mot exact du métier,Enregistrement direct (vérifié disponible 21/08/2026),11 $,64.0,disponible (RDAP registre),
205,probateboard.com,T2,Jargon B2B — le mot exact du métier,Enregistrement direct (vérifié disponible 21/08/2026),11 $,64.0,disponible (RDAP registre),
206,deedsarchive.com,T2,Jargon B2B — le mot exact du métier,Enregistrement direct (vérifié disponible 21/08/2026),11 $,64.0,disponible (RDAP registre),
207,deedsindex.com,T2,Jargon B2B — le mot exact du métier,Enregistrement direct (vérifié disponible 21/08/2026),11 $,64.0,disponible (RDAP registre),
208,deedsrelay.com,T2,Jargon B2B — le mot exact du métier,Enregistrement direct (vérifié disponible 21/08/2026),11 $,64.0,disponible (RDAP registre),
209,docketsdock.com,T2,Jargon B2B — le mot exact du métier,Enregistrement direct (vérifié disponible 21/08/2026),11 $,64.0,disponible (RDAP registre),
210,probaterelay.com,T2,Jargon B2B — le mot exact du métier,Enregistrement direct (vérifié disponible 21/08/2026),11 $,64.0,disponible (RDAP registre),
211,docketsline.com,T2,Jargon B2B — le mot exact du métier,Enregistrement direct (vérifié disponible 21/08/2026),11 $,64.0,disponible (RDAP registre),
212,probategauge.com,T2,Jargon B2B — le mot exact du métier,Enregistrement direct (vérifié disponible 21/08/2026),11 $,64.0,disponible (RDAP registre),
213,docketsroom.com,T2,Jargon B2B — le mot exact du métier,Enregistrement direct (vérifié disponible 21/08/2026),11 $,64.0,disponible (RDAP registre),
214,probatestack.com,T2,Jargon B2B — le mot exact du métier,Enregistrement direct (vérifié disponible 21/08/2026),11 $,64.0,disponible (RDAP registre),
215,liensarchive.com,T2,Jargon B2B — le mot exact du métier,Enregistrement direct (vérifié disponible 21/08/2026),11 $,64.0,disponible (RDAP registre),
216,liensledger.com,T2,Jargon B2B — le mot exact du métier,Enregistrement direct (vérifié disponible 21/08/2026),11 $,64.0,disponible (RDAP registre),
217,liensgauge.com,T2,Jargon B2B — le mot exact du métier,Enregistrement direct (vérifié disponible 21/08/2026),11 $,64.0,disponible (RDAP registre),
218,liensdesks.com,T2,Jargon B2B — le mot exact du métier,Enregistrement direct (vérifié disponible 21/08/2026),11 $,64.0,disponible (RDAP registre),
219,liensworks.com,T2,Jargon B2B — le mot exact du métier,Enregistrement direct (vérifié disponible 21/08/2026),11 $,64.0,disponible (RDAP registre),
220,docketsbench.com,T2,Jargon B2B — le mot exact du métier,Enregistrement direct (vérifié disponible 21/08/2026),11 $,64.0,disponible (RDAP registre),
221,deedstally.com,T2,Jargon B2B — le mot exact du métier,Enregistrement direct (vérifié disponible 21/08/2026),11 $,64.0,disponible (RDAP registre),
222,deedsatlas.com,T2,Jargon B2B — le mot exact du métier,Enregistrement direct (vérifié disponible 21/08/2026),11 $,64.0,disponible (RDAP registre),
223,docketswire.com,T2,Jargon B2B — le mot exact du métier,Enregistrement direct (vérifié disponible 21/08/2026),11 $,64.0,disponible (RDAP registre),
224,docketsvault.com,T2,Jargon B2B — le mot exact du métier,Enregistrement direct (vérifié disponible 21/08/2026),11 $,64.0,disponible (RDAP registre),
225,docketsdesk.com,T2,Jargon B2B — le mot exact du métier,Enregistrement direct (vérifié disponible 21/08/2026),11 $,64.0,disponible (RDAP registre),
226,docketsboard.com,T2,Jargon B2B — le mot exact du métier,Enregistrement direct (vérifié disponible 21/08/2026),11 $,64.0,disponible (RDAP registre),
227,liensfoundry.com,T2,Jargon B2B — le mot exact du métier,Enregistrement direct (vérifié disponible 21/08/2026),11 $,64.0,disponible (RDAP registre),
228,deedsbench.com,T2,Jargon B2B — le mot exact du métier,Enregistrement direct (vérifié disponible 21/08/2026),11 $,64.0,disponible (RDAP registre),
229,probateyard.com,T2,Jargon B2B — le mot exact du métier,Enregistrement direct (vérifié disponible 21/08/2026),11 $,64.0,disponible (RDAP registre),
230,deedsaudits.com,T2,Jargon B2B — le mot exact du métier,Enregistrement direct (vérifié disponible 21/08/2026),11 $,64.0,disponible (RDAP registre),
231,docketsgauge.com,T2,Jargon B2B — le mot exact du métier,Enregistrement direct (vérifié disponible 21/08/2026),11 $,64.0,disponible (RDAP registre),
232,deedsaudit.com,T2,Jargon B2B — le mot exact du métier,Enregistrement direct (vérifié disponible 21/08/2026),11 $,64.0,disponible (RDAP registre),
233,liensatlas.com,T2,Jargon B2B — le mot exact du métier,Enregistrement direct (vérifié disponible 21/08/2026),11 $,64.0,disponible (RDAP registre),
234,outagemint.com,T2,Jargon B2B — le mot exact du métier,Enregistrement direct (vérifié disponible 21/08/2026),11 $,63.0,disponible (RDAP registre),
235,outagevault.com,T2,Jargon B2B — le mot exact du métier,Enregistrement direct (vérifié disponible 21/08/2026),11 $,63.0,disponible (RDAP registre),
236,outageclerk.com,T2,Jargon B2B — le mot exact du métier,Enregistrement direct (vérifié disponible 21/08/2026),11 $,63.0,disponible (RDAP registre),
237,megawattline.com,T2,Jargon B2B — le mot exact du métier,Enregistrement direct (vérifié disponible 21/08/2026),11 $,63.0,disponible (RDAP registre),
238,outagedesks.com,T2,Jargon B2B — le mot exact du métier,Enregistrement direct (vérifié disponible 21/08/2026),11 $,63.0,disponible (RDAP registre),
239,feederyard.com,T2,Jargon B2B — le mot exact du métier,Enregistrement direct (vérifié disponible 21/08/2026),11 $,63.0,disponible (RDAP registre),
240,feederwire.com,T2,Jargon B2B — le mot exact du métier,Enregistrement direct (vérifié disponible 21/08/2026),11 $,63.0,disponible (RDAP registre),
241,agronomygrid.com,T2,Jargon B2B — le mot exact du métier,Enregistrement direct (vérifié disponible 21/08/2026),11 $,63.0,disponible (RDAP registre),
242,gridqueuelog.com,T2,Jargon B2B — le mot exact du métier,Enregistrement direct (vérifié disponible 21/08/2026),11 $,63.0,disponible (RDAP registre),
243,outagebench.com,T2,Jargon B2B — le mot exact du métier,Enregistrement direct (vérifié disponible 21/08/2026),11 $,63.0,disponible (RDAP registre),
244,megawattroom.com,T2,Jargon B2B — le mot exact du métier,Enregistrement direct (vérifié disponible 21/08/2026),11 $,63.0,disponible (RDAP registre),
245,feederdesk.com,T2,Jargon B2B — le mot exact du métier,Enregistrement direct (vérifié disponible 21/08/2026),11 $,63.0,disponible (RDAP registre),
246,laytimegrid.com,T2,Jargon B2B — le mot exact du métier,Enregistrement direct (vérifié disponible 21/08/2026),11 $,63.0,disponible (RDAP registre),
247,lockrategrid.com,T2,Jargon B2B — le mot exact du métier,Enregistrement direct (vérifié disponible 21/08/2026),11 $,63.0,disponible (RDAP registre),
248,outageline.com,T2,Jargon B2B — le mot exact du métier,Enregistrement direct (vérifié disponible 21/08/2026),11 $,63.0,disponible (RDAP registre),
249,feederbench.com,T2,Jargon B2B — le mot exact du métier,Enregistrement direct (vérifié disponible 21/08/2026),11 $,63.0,disponible (RDAP registre),
250,lotsbench.com,T2,Jargon B2B — le mot exact du métier,Enregistrement direct (vérifié disponible 21/08/2026),11 $,62.0,disponible (RDAP registre),
251,platsdock.com,T2,Jargon B2B — le mot exact du métier,Enregistrement direct (vérifié disponible 21/08/2026),11 $,62.0,disponible (RDAP registre),
252,drayagelog.com,T2,Jargon B2B — le mot exact du métier,Enregistrement direct (vérifié disponible 21/08/2026),11 $,62.0,disponible (RDAP registre),
253,drayagerelay.com,T2,Jargon B2B — le mot exact du métier,Enregistrement direct (vérifié disponible 21/08/2026),11 $,62.0,disponible (RDAP registre),
254,drayageatlas.com,T2,Jargon B2B — le mot exact du métier,Enregistrement direct (vérifié disponible 21/08/2026),11 $,62.0,disponible (RDAP registre),
255,lotsindex.com,T2,Jargon B2B — le mot exact du métier,Enregistrement direct (vérifié disponible 21/08/2026),11 $,62.0,disponible (RDAP registre),
256,platswire.com,T2,Jargon B2B — le mot exact du métier,Enregistrement direct (vérifié disponible 21/08/2026),11 $,62.0,disponible (RDAP registre),
257,customstally.com,T2,Jargon B2B — le mot exact du métier,Enregistrement direct (vérifié disponible 21/08/2026),11 $,62.0,disponible (RDAP registre),
258,portcallops.com,T2,Jargon B2B — le mot exact du métier,Enregistrement direct (vérifié disponible 21/08/2026),11 $,62.0,disponible (RDAP registre),
259,tariffsyard.com,T2,Jargon B2B — le mot exact du métier,Enregistrement direct (vérifié disponible 21/08/2026),11 $,62.0,disponible (RDAP registre),
260,demurrageops.com,T2,Jargon B2B — le mot exact du métier,Enregistrement direct (vérifié disponible 21/08/2026),11 $,62.0,disponible (RDAP registre),
261,platsyard.com,T2,Jargon B2B — le mot exact du métier,Enregistrement direct (vérifié disponible 21/08/2026),11 $,62.0,disponible (RDAP registre),
262,drayageworks.com,T2,Jargon B2B — le mot exact du métier,Enregistrement direct (vérifié disponible 21/08/2026),11 $,62.0,disponible (RDAP registre),
263,asbuiltline.com,T2,Jargon B2B — le mot exact du métier,Enregistrement direct (vérifié disponible 21/08/2026),11 $,62.0,disponible (RDAP registre),
264,customsrelay.com,T2,Jargon B2B — le mot exact du métier,Enregistrement direct (vérifié disponible 21/08/2026),11 $,62.0,disponible (RDAP registre),
265,laytimebench.com,T2,Jargon B2B — le mot exact du métier,Enregistrement direct (vérifié disponible 21/08/2026),11 $,62.0,disponible (RDAP registre),
266,laytimeline.com,T2,Jargon B2B — le mot exact du métier,Enregistrement direct (vérifié disponible 21/08/2026),11 $,62.0,disponible (RDAP registre),
267,retainageops.com,T2,Jargon B2B — le mot exact du métier,Enregistrement direct (vérifié disponible 21/08/2026),11 $,62.0,disponible (RDAP registre),
268,drayageline.com,T2,Jargon B2B — le mot exact du métier,Enregistrement direct (vérifié disponible 21/08/2026),11 $,62.0,disponible (RDAP registre),
269,laytimegauge.com,T2,Jargon B2B — le mot exact du métier,Enregistrement direct (vérifié disponible 21/08/2026),11 $,62.0,disponible (RDAP registre),
270,vorness.com,T2,Jargon B2B — le mot exact du métier,Enregistrement direct (vérifié disponible 21/08/2026),11 $,62.0,disponible (RDAP registre),
271,zoninglog.com,T2,Jargon B2B — le mot exact du métier,Enregistrement direct (vérifié disponible 21/08/2026),11 $,62.0,disponible (RDAP registre),
272,silageops.com,T2,Jargon B2B — le mot exact du métier,Enregistrement direct (vérifié disponible 21/08/2026),11 $,62.0,disponible (RDAP registre),
273,asbuiltdesks.com,T2,Jargon B2B — le mot exact du métier,Enregistrement direct (vérifié disponible 21/08/2026),11 $,62.0,disponible (RDAP registre),
274,asbuiltaudit.com,T2,Jargon B2B — le mot exact du métier,Enregistrement direct (vérifié disponible 21/08/2026),11 $,62.0,disponible (RDAP registre),
275,asbuiltwire.com,T2,Jargon B2B — le mot exact du métier,Enregistrement direct (vérifié disponible 21/08/2026),11 $,62.0,disponible (RDAP registre),
276,customsboard.com,T2,Jargon B2B — le mot exact du métier,Enregistrement direct (vérifié disponible 21/08/2026),11 $,62.0,disponible (RDAP registre),
277,laytimemint.com,T2,Jargon B2B — le mot exact du métier,Enregistrement direct (vérifié disponible 21/08/2026),11 $,62.0,disponible (RDAP registre),
278,customsyard.com,T2,Jargon B2B — le mot exact du métier,Enregistrement direct (vérifié disponible 21/08/2026),11 $,62.0,disponible (RDAP registre),
279,bondedlog.com,T2,Jargon B2B — le mot exact du métier,Enregistrement direct (vérifié disponible 21/08/2026),11 $,62.0,disponible (RDAP registre),
280,lotsdock.com,T2,Jargon B2B — le mot exact du métier,Enregistrement direct (vérifié disponible 21/08/2026),11 $,62.0,disponible (RDAP registre),
281,portcalldesk.com,T2,Jargon B2B — le mot exact du métier,Enregistrement direct (vérifié disponible 21/08/2026),11 $,62.0,disponible (RDAP registre),
282,bunkeringops.com,T2,Jargon B2B — le mot exact du métier,Enregistrement direct (vérifié disponible 21/08/2026),11 $,62.0,disponible (RDAP registre),
283,subromint.com,T2,Jargon B2B — le mot exact du métier,Enregistrement direct (vérifié disponible 21/08/2026),11 $,62.0,disponible (RDAP registre),
284,bunkeringlog.com,T2,Jargon B2B — le mot exact du métier,Enregistrement direct (vérifié disponible 21/08/2026),11 $,62.0,disponible (RDAP registre),
285,asbuiltsuite.com,T2,Jargon B2B — le mot exact du métier,Enregistrement direct (vérifié disponible 21/08/2026),11 $,62.0,disponible (RDAP registre),
286,platsline.com,T2,Jargon B2B — le mot exact du métier,Enregistrement direct (vérifié disponible 21/08/2026),11 $,62.0,disponible (RDAP registre),
287,subroroom.com,T2,Jargon B2B — le mot exact du métier,Enregistrement direct (vérifié disponible 21/08/2026),11 $,62.0,disponible (RDAP registre),
288,platsdesk.com,T2,Jargon B2B — le mot exact du métier,Enregistrement direct (vérifié disponible 21/08/2026),11 $,62.0,disponible (RDAP registre),
289,lotsdesks.com,T2,Jargon B2B — le mot exact du métier,Enregistrement direct (vérifié disponible 21/08/2026),11 $,62.0,disponible (RDAP registre),
290,demurragelog.com,T2,Jargon B2B — le mot exact du métier,Enregistrement direct (vérifié disponible 21/08/2026),11 $,62.0,disponible (RDAP registre),
291,portcallwire.com,T2,Jargon B2B — le mot exact du métier,Enregistrement direct (vérifié disponible 21/08/2026),11 $,62.0,disponible (RDAP registre),
292,hazmatops.com,T2,Jargon B2B — le mot exact du métier,Enregistrement direct (vérifié disponible 21/08/2026),11 $,62.0,disponible (RDAP registre),
293,customsbench.com,T2,Jargon B2B — le mot exact du métier,Enregistrement direct (vérifié disponible 21/08/2026),11 $,62.0,disponible (RDAP registre),
294,lotsmint.com,T2,Jargon B2B — le mot exact du métier,Enregistrement direct (vérifié disponible 21/08/2026),11 $,62.0,disponible (RDAP registre),
295,tariffsatlas.com,T2,Jargon B2B — le mot exact du métier,Enregistrement direct (vérifié disponible 21/08/2026),11 $,62.0,disponible (RDAP registre),
296,subrolog.com,T2,Jargon B2B — le mot exact du métier,Enregistrement direct (vérifié disponible 21/08/2026),11 $,62.0,disponible (RDAP registre),
297,lotsgauge.com,T2,Jargon B2B — le mot exact du métier,Enregistrement direct (vérifié disponible 21/08/2026),11 $,62.0,disponible (RDAP registre),
298,stevedorelog.com,T2,Jargon B2B — le mot exact du métier,Enregistrement direct (vérifié disponible 21/08/2026),11 $,62.0,disponible (RDAP registre),
299,lotsaudits.com,T2,Jargon B2B — le mot exact du métier,Enregistrement direct (vérifié disponible 21/08/2026),11 $,61.0,disponible (RDAP registre),
300,bindersaudit.com,T2,Jargon B2B — le mot exact du métier,Enregistrement direct (vérifié disponible 21/08/2026),11 $,61.0,disponible (RDAP registre),
301,reeferaudit.com,T2,Jargon B2B — le mot exact du métier,Enregistrement direct (vérifié disponible 21/08/2026),11 $,61.0,disponible (RDAP registre),
302,claimsgauge.com,T2,Jargon B2B — le mot exact du métier,Enregistrement direct (vérifié disponible 21/08/2026),11 $,61.0,disponible (RDAP registre),
303,subroaudits.com,T2,Jargon B2B — le mot exact du métier,Enregistrement direct (vérifié disponible 21/08/2026),11 $,61.0,disponible (RDAP registre),
304,claimsyard.com,T2,Jargon B2B — le mot exact du métier,Enregistrement direct (vérifié disponible 21/08/2026),11 $,61.0,disponible (RDAP registre),
305,rostersaudit.com,T2,Jargon B2B — le mot exact du métier,Enregistrement direct (vérifié disponible 21/08/2026),11 $,61.0,disponible (RDAP registre),
306,escheataudit.com,T2,Jargon B2B — le mot exact du métier,Enregistrement direct (vérifié disponible 21/08/2026),11 $,61.0,disponible (RDAP registre),
307,silageaudit.com,T2,Jargon B2B — le mot exact du métier,Enregistrement direct (vérifié disponible 21/08/2026),11 $,61.0,disponible (RDAP registre),
308,silageaudits.com,T2,Jargon B2B — le mot exact du métier,Enregistrement direct (vérifié disponible 21/08/2026),11 $,61.0,disponible (RDAP registre),
309,claimsedits.com,T2,Jargon B2B — le mot exact du métier,Enregistrement direct (vérifié disponible 21/08/2026),11 $,61.0,disponible (RDAP registre),
310,claimsdock.com,T2,Jargon B2B — le mot exact du métier,Enregistrement direct (vérifié disponible 21/08/2026),11 $,61.0,disponible (RDAP registre),
311,bondedaudit.com,T2,Jargon B2B — le mot exact du métier,Enregistrement direct (vérifié disponible 21/08/2026),11 $,61.0,disponible (RDAP registre),
312,reeferaudits.com,T2,Jargon B2B — le mot exact du métier,Enregistrement direct (vérifié disponible 21/08/2026),11 $,61.0,disponible (RDAP registre),
313,leakaudits.com,T2,Jargon B2B — le mot exact du métier,Enregistrement direct (vérifié disponible 21/08/2026),11 $,61.0,disponible (RDAP registre),
314,surveysaudit.com,T2,Jargon B2B — le mot exact du métier,Enregistrement direct (vérifié disponible 21/08/2026),11 $,61.0,disponible (RDAP registre),
315,hazmataudit.com,T2,Jargon B2B — le mot exact du métier,Enregistrement direct (vérifié disponible 21/08/2026),11 $,61.0,disponible (RDAP registre),
316,zoningaudits.com,T2,Jargon B2B — le mot exact du métier,Enregistrement direct (vérifié disponible 21/08/2026),11 $,61.0,disponible (RDAP registre),
317,ginningaudit.com,T2,Jargon B2B — le mot exact du métier,Enregistrement direct (vérifié disponible 21/08/2026),11 $,61.0,disponible (RDAP registre),
318,claimsmint.com,T2,Jargon B2B — le mot exact du métier,Enregistrement direct (vérifié disponible 21/08/2026),11 $,61.0,disponible (RDAP registre),
319,escheatgauge.com,T2,Jargon B2B — le mot exact du métier,Enregistrement direct (vérifié disponible 21/08/2026),11 $,52.0,disponible (RDAP registre),
320,silageworks.com,T2,Jargon B2B — le mot exact du métier,Enregistrement direct (vérifié disponible 21/08/2026),11 $,52.0,disponible (RDAP registre),
321,dunningroom.com,T2,Jargon B2B — le mot exact du métier,Enregistrement direct (vérifié disponible 21/08/2026),11 $,52.0,disponible (RDAP registre),
322,ballastrelay.com,T2,Jargon B2B — le mot exact du métier,Enregistrement direct (vérifié disponible 21/08/2026),11 $,52.0,disponible (RDAP registre),
323,linehauldesk.com,T2,Jargon B2B — le mot exact du métier,Enregistrement direct (vérifié disponible 21/08/2026),11 $,52.0,disponible (RDAP registre),
324,arrearsdesk.com,T2,Jargon B2B — le mot exact du métier,Enregistrement direct (vérifié disponible 21/08/2026),11 $,52.0,disponible (RDAP registre),
325,escheatyard.com,T2,Jargon B2B — le mot exact du métier,Enregistrement direct (vérifié disponible 21/08/2026),11 $,52.0,disponible (RDAP registre),
326,arrearsmint.com,T2,Jargon B2B — le mot exact du métier,Enregistrement direct (vérifié disponible 21/08/2026),11 $,52.0,disponible (RDAP registre),
327,bondedmint.com,T2,Jargon B2B — le mot exact du métier,Enregistrement direct (vérifié disponible 21/08/2026),11 $,52.0,disponible (RDAP registre),
328,lockratedock.com,T2,Jargon B2B — le mot exact du métier,Enregistrement direct (vérifié disponible 21/08/2026),11 $,52.0,disponible (RDAP registre),
329,dunningbench.com,T2,Jargon B2B — le mot exact du métier,Enregistrement direct (vérifié disponible 21/08/2026),11 $,52.0,disponible (RDAP registre),
330,lotsledger.com,T2,Jargon B2B — le mot exact du métier,Enregistrement direct (vérifié disponible 21/08/2026),11 $,52.0,disponible (RDAP registre),
331,surveysdesks.com,T2,Jargon B2B — le mot exact du métier,Enregistrement direct (vérifié disponible 21/08/2026),11 $,52.0,disponible (RDAP registre),
332,graintally.com,T2,Jargon B2B — le mot exact du métier,Enregistrement direct (vérifié disponible 21/08/2026),11 $,52.0,disponible (RDAP registre),
333,jobcostworks.com,T2,Jargon B2B — le mot exact du métier,Enregistrement direct (vérifié disponible 21/08/2026),11 $,52.0,disponible (RDAP registre),
334,hullingworks.com,T2,Jargon B2B — le mot exact du métier,Enregistrement direct (vérifié disponible 21/08/2026),11 $,52.0,disponible (RDAP registre),
335,rostersindex.com,T2,Jargon B2B — le mot exact du métier,Enregistrement direct (vérifié disponible 21/08/2026),11 $,52.0,disponible (RDAP registre),
336,servicinglog.com,T2,Jargon B2B — le mot exact du métier,Enregistrement direct (vérifié disponible 21/08/2026),11 $,52.0,disponible (RDAP registre),
337,premiumsline.com,T2,Jargon B2B — le mot exact du métier,Enregistrement direct (vérifié disponible 21/08/2026),11 $,52.0,disponible (RDAP registre),
338,bondedledger.com,T2,Jargon B2B — le mot exact du métier,Enregistrement direct (vérifié disponible 21/08/2026),11 $,52.0,disponible (RDAP registre),
339,arrearsrelay.com,T2,Jargon B2B — le mot exact du métier,Enregistrement direct (vérifié disponible 21/08/2026),11 $,52.0,disponible (RDAP registre),
340,lockratewire.com,T2,Jargon B2B — le mot exact du métier,Enregistrement direct (vérifié disponible 21/08/2026),11 $,52.0,disponible (RDAP registre),
341,batchesindex.com,T2,Jargon B2B — le mot exact du métier,Enregistrement direct (vérifié disponible 21/08/2026),11 $,52.0,disponible (RDAP registre),
342,agronomyops.com,T2,Jargon B2B — le mot exact du métier,Enregistrement direct (vérifié disponible 21/08/2026),11 $,52.0,disponible (RDAP registre),
343,flatbedindex.com,T2,Jargon B2B — le mot exact du métier,Enregistrement direct (vérifié disponible 21/08/2026),11 $,52.0,disponible (RDAP registre),
344,jobcostline.com,T2,Jargon B2B — le mot exact du métier,Enregistrement direct (vérifié disponible 21/08/2026),11 $,52.0,disponible (RDAP registre),
345,jobcostatlas.com,T2,Jargon B2B — le mot exact du métier,Enregistrement direct (vérifié disponible 21/08/2026),11 $,52.0,disponible (RDAP registre),
346,batchesworks.com,T2,Jargon B2B — le mot exact du métier,Enregistrement direct (vérifié disponible 21/08/2026),11 $,52.0,disponible (RDAP registre),
347,hazmatdock.com,T2,Jargon B2B — le mot exact du métier,Enregistrement direct (vérifié disponible 21/08/2026),11 $,52.0,disponible (RDAP registre),
348,linehaulyard.com,T2,Jargon B2B — le mot exact du métier,Enregistrement direct (vérifié disponible 21/08/2026),11 $,52.0,disponible (RDAP registre),
349,jobcostwire.com,T2,Jargon B2B — le mot exact du métier,Enregistrement direct (vérifié disponible 21/08/2026),11 $,52.0,disponible (RDAP registre),
350,ginningdock.com,T2,Jargon B2B — le mot exact du métier,Enregistrement direct (vérifié disponible 21/08/2026),11 $,52.0,disponible (RDAP registre),
351,feedlotlog.com,T2,Jargon B2B — le mot exact du métier,Enregistrement direct (vérifié disponible 21/08/2026),11 $,52.0,disponible (RDAP registre),
352,bindersmint.com,T2,Jargon B2B — le mot exact du métier,Enregistrement direct (vérifié disponible 21/08/2026),11 $,52.0,disponible (RDAP registre),
353,agronomymint.com,T2,Jargon B2B — le mot exact du métier,Enregistrement direct (vérifié disponible 21/08/2026),11 $,52.0,disponible (RDAP registre),
354,escheatmint.com,T2,Jargon B2B — le mot exact du métier,Enregistrement direct (vérifié disponible 21/08/2026),11 $,52.0,disponible (RDAP registre),
355,arrearsops.com,T2,Jargon B2B — le mot exact du métier,Enregistrement direct (vérifié disponible 21/08/2026),11 $,52.0,disponible (RDAP registre),
356,parcelsvault.com,T2,Jargon B2B — le mot exact du métier,Enregistrement direct (vérifié disponible 21/08/2026),11 $,52.0,disponible (RDAP registre),
357,escheatbench.com,T2,Jargon B2B — le mot exact du métier,Enregistrement direct (vérifié disponible 21/08/2026),11 $,52.0,disponible (RDAP registre),
358,hullingtally.com,T2,Jargon B2B — le mot exact du métier,Enregistrement direct (vérifié disponible 21/08/2026),11 $,52.0,disponible (RDAP registre),
359,snaglistdock.com,T2,Jargon B2B — le mot exact du métier,Enregistrement direct (vérifié disponible 21/08/2026),11 $,52.0,disponible (RDAP registre),
360,jobcostvault.com,T2,Jargon B2B — le mot exact du métier,Enregistrement direct (vérifié disponible 21/08/2026),11 $,52.0,disponible (RDAP registre),
361,backhauldock.com,T2,Jargon B2B — le mot exact du métier,Enregistrement direct (vérifié disponible 21/08/2026),11 $,52.0,disponible (RDAP registre),
362,feedlotgauge.com,T2,Jargon B2B — le mot exact du métier,Enregistrement direct (vérifié disponible 21/08/2026),11 $,52.0,disponible (RDAP registre),
363,hullinglog.com,T2,Jargon B2B — le mot exact du métier,Enregistrement direct (vérifié disponible 21/08/2026),11 $,52.0,disponible (RDAP registre),
364,salvagetally.com,T2,Jargon B2B — le mot exact du métier,Enregistrement direct (vérifié disponible 21/08/2026),11 $,52.0,disponible (RDAP registre),
365,priorauthlog.com,T2,Jargon B2B — le mot exact du métier,Enregistrement direct (vérifié disponible 21/08/2026),11 $,52.0,disponible (RDAP registre),
366,hazmatwire.com,T2,Jargon B2B — le mot exact du métier,Enregistrement direct (vérifié disponible 21/08/2026),11 $,52.0,disponible (RDAP registre),
367,arrearsdesks.com,T2,Jargon B2B — le mot exact du métier,Enregistrement direct (vérifié disponible 21/08/2026),11 $,52.0,disponible (RDAP registre),
368,salvageclerk.com,T2,Jargon B2B — le mot exact du métier,Enregistrement direct (vérifié disponible 21/08/2026),11 $,52.0,disponible (RDAP registre),
369,ginningatlas.com,T2,Jargon B2B — le mot exact du métier,Enregistrement direct (vérifié disponible 21/08/2026),11 $,52.0,disponible (RDAP registre),
370,agronomyline.com,T2,Jargon B2B — le mot exact du métier,Enregistrement direct (vérifié disponible 21/08/2026),11 $,52.0,disponible (RDAP registre),
371,snaglistops.com,T2,Jargon B2B — le mot exact du métier,Enregistrement direct (vérifié disponible 21/08/2026),11 $,52.0,disponible (RDAP registre),
372,dunningwire.com,T2,Jargon B2B — le mot exact du métier,Enregistrement direct (vérifié disponible 21/08/2026),11 $,52.0,disponible (RDAP registre),
373,parcelsindex.com,T2,Jargon B2B — le mot exact du métier,Enregistrement direct (vérifié disponible 21/08/2026),11 $,52.0,disponible (RDAP registre),
374,hullingsuite.com,T2,Jargon B2B — le mot exact du métier,Enregistrement direct (vérifié disponible 21/08/2026),11 $,52.0,disponible (RDAP registre),
375,reefersuite.com,T2,Jargon B2B — le mot exact du métier,Enregistrement direct (vérifié disponible 21/08/2026),11 $,52.0,disponible (RDAP registre),
376,linehauldock.com,T2,Jargon B2B — le mot exact du métier,Enregistrement direct (vérifié disponible 21/08/2026),11 $,52.0,disponible (RDAP registre),
377,ginningdesks.com,T2,Jargon B2B — le mot exact du métier,Enregistrement direct (vérifié disponible 21/08/2026),11 $,52.0,disponible (RDAP registre),
378,perdiemdesks.com,T2,Jargon B2B — le mot exact du métier,Enregistrement direct (vérifié disponible 21/08/2026),11 $,52.0,disponible (RDAP registre),
379,linehaulroom.com,T2,Jargon B2B — le mot exact du métier,Enregistrement direct (vérifié disponible 21/08/2026),11 $,52.0,disponible (RDAP registre),
380,recallsindex.com,T2,Jargon B2B — le mot exact du métier,Enregistrement direct (vérifié disponible 21/08/2026),11 $,52.0,disponible (RDAP registre),
381,ginningyard.com,T2,Jargon B2B — le mot exact du métier,Enregistrement direct (vérifié disponible 21/08/2026),11 $,52.0,disponible (RDAP registre),
382,zoningmint.com,T2,Jargon B2B — le mot exact du métier,Enregistrement direct (vérifié disponible 21/08/2026),11 $,52.0,disponible (RDAP registre),
383,backhaulops.com,T2,Jargon B2B — le mot exact du métier,Enregistrement direct (vérifié disponible 21/08/2026),11 $,52.0,disponible (RDAP registre),
384,snaglistline.com,T2,Jargon B2B — le mot exact du métier,Enregistrement direct (vérifié disponible 21/08/2026),11 $,52.0,disponible (RDAP registre),
385,lockrateroom.com,T2,Jargon B2B — le mot exact du métier,Enregistrement direct (vérifié disponible 21/08/2026),11 $,52.0,disponible (RDAP registre),
386,dunninglog.com,T2,Jargon B2B — le mot exact du métier,Enregistrement direct (vérifié disponible 21/08/2026),11 $,52.0,disponible (RDAP registre),
387,lockratemint.com,T2,Jargon B2B — le mot exact du métier,Enregistrement direct (vérifié disponible 21/08/2026),11 $,52.0,disponible (RDAP registre),
388,premiumsdock.com,T2,Jargon B2B — le mot exact du métier,Enregistrement direct (vérifié disponible 21/08/2026),11 $,52.0,disponible (RDAP registre),
389,flatbedroom.com,T2,Jargon B2B — le mot exact du métier,Enregistrement direct (vérifié disponible 21/08/2026),11 $,52.0,disponible (RDAP registre),
390,ballastroom.com,T2,Jargon B2B — le mot exact du métier,Enregistrement direct (vérifié disponible 21/08/2026),11 $,52.0,disponible (RDAP registre),
391,drawdowndock.com,T2,Jargon B2B — le mot exact du métier,Enregistrement direct (vérifié disponible 21/08/2026),11 $,52.0,disponible (RDAP registre),
392,ballastyard.com,T2,Jargon B2B — le mot exact du métier,Enregistrement direct (vérifié disponible 21/08/2026),11 $,52.0,disponible (RDAP registre),
393,hullingboard.com,T2,Jargon B2B — le mot exact du métier,Enregistrement direct (vérifié disponible 21/08/2026),11 $,52.0,disponible (RDAP registre),
394,surveysindex.com,T2,Jargon B2B — le mot exact du métier,Enregistrement direct (vérifié disponible 21/08/2026),11 $,52.0,disponible (RDAP registre),
395,certholders.com,T2,Jargon B2B — le mot exact du métier,Enregistrement direct (vérifié disponible 21/08/2026),11 $,52.0,disponible (RDAP registre),
396,bondedrelay.com,T2,Jargon B2B — le mot exact du métier,Enregistrement direct (vérifié disponible 21/08/2026),11 $,52.0,disponible (RDAP registre),
397,flatbedsuite.com,T2,Jargon B2B — le mot exact du métier,Enregistrement direct (vérifié disponible 21/08/2026),11 $,52.0,disponible (RDAP registre),
398,flatbedboard.com,T2,Jargon B2B — le mot exact du métier,Enregistrement direct (vérifié disponible 21/08/2026),11 $,52.0,disponible (RDAP registre),
399,batchesmint.com,T2,Jargon B2B — le mot exact du métier,Enregistrement direct (vérifié disponible 21/08/2026),11 $,52.0,disponible (RDAP registre),
400,reeferatlas.com,T2,Jargon B2B — le mot exact du métier,Enregistrement direct (vérifié disponible 21/08/2026),11 $,52.0,disponible (RDAP registre),
401,rostersdesk.com,T2,Jargon B2B — le mot exact du métier,Enregistrement direct (vérifié disponible 21/08/2026),11 $,52.0,disponible (RDAP registre),
402,closeoutlog.com,T2,Jargon B2B — le mot exact du métier,Enregistrement direct (vérifié disponible 21/08/2026),11 $,52.0,disponible (RDAP registre),
403,bindersdesk.com,T2,Jargon B2B — le mot exact du métier,Enregistrement direct (vérifié disponible 21/08/2026),11 $,52.0,disponible (RDAP registre),
404,drawdownyard.com,T2,Jargon B2B — le mot exact du métier,Enregistrement direct (vérifié disponible 21/08/2026),11 $,52.0,disponible (RDAP registre),
405,batchesbench.com,T2,Jargon B2B — le mot exact du métier,Enregistrement direct (vérifié disponible 21/08/2026),11 $,52.0,disponible (RDAP registre),
406,perdiemvault.com,T2,Jargon B2B — le mot exact du métier,Enregistrement direct (vérifié disponible 21/08/2026),11 $,52.0,disponible (RDAP registre),
407,dunningsuite.com,T2,Jargon B2B — le mot exact du métier,Enregistrement direct (vérifié disponible 21/08/2026),11 $,52.0,disponible (RDAP registre),
408,silagedesk.com,T2,Jargon B2B — le mot exact du métier,Enregistrement direct (vérifié disponible 21/08/2026),11 $,52.0,disponible (RDAP registre),
409,feedlotdesk.com,T2,Jargon B2B — le mot exact du métier,Enregistrement direct (vérifié disponible 21/08/2026),11 $,52.0,disponible (RDAP registre),
410,parcelswire.com,T2,Jargon B2B — le mot exact du métier,Enregistrement direct (vérifié disponible 21/08/2026),11 $,52.0,disponible (RDAP registre),
411,perdiemops.com,T2,Jargon B2B — le mot exact du métier,Enregistrement direct (vérifié disponible 21/08/2026),11 $,52.0,disponible (RDAP registre),
412,shiftsatlas.com,T2,Jargon B2B — le mot exact du métier,Enregistrement direct (vérifié disponible 21/08/2026),11 $,52.0,disponible (RDAP registre),
413,flatbedtally.com,T2,Jargon B2B — le mot exact du métier,Enregistrement direct (vérifié disponible 21/08/2026),11 $,52.0,disponible (RDAP registre),
414,perdiemrelay.com,T2,Jargon B2B — le mot exact du métier,Enregistrement direct (vérifié disponible 21/08/2026),11 $,52.0,disponible (RDAP registre),
415,feedlotdesks.com,T2,Jargon B2B — le mot exact du métier,Enregistrement direct (vérifié disponible 21/08/2026),11 $,52.0,disponible (RDAP registre),
416,perdiematlas.com,T2,Jargon B2B — le mot exact du métier,Enregistrement direct (vérifié disponible 21/08/2026),11 $,52.0,disponible (RDAP registre),
417,drawdownwire.com,T2,Jargon B2B — le mot exact du métier,Enregistrement direct (vérifié disponible 21/08/2026),11 $,52.0,disponible (RDAP registre),
418,feedlotdock.com,T2,Jargon B2B — le mot exact du métier,Enregistrement direct (vérifié disponible 21/08/2026),11 $,52.0,disponible (RDAP registre),
419,batchesatlas.com,T2,Jargon B2B — le mot exact du métier,Enregistrement direct (vérifié disponible 21/08/2026),11 $,52.0,disponible (RDAP registre),
420,atollmast.com,T3,Composés brandables premium,Enregistrement direct (vérifié disponible 21/08/2026),11 $,58.0,disponible (RDAP registre),
421,atollmantle.com,T3,Composés brandables premium,Enregistrement direct (vérifié disponible 21/08/2026),11 $,48.0,disponible (RDAP registre),
422,covetreasury.com,T3,Composés brandables premium,Enregistrement direct (vérifié disponible 21/08/2026),11 $,44.0,disponible (RDAP registre),
423,solargirder.com,T3,Composés brandables premium,Enregistrement direct (vérifié disponible 21/08/2026),11 $,41.0,disponible (RDAP registre),
424,wrenbeam.com,T3,Composés brandables premium,Enregistrement direct (vérifié disponible 21/08/2026),11 $,40.0,disponible (RDAP registre),
425,anvilhelm.com,T3,Composés brandables premium,Enregistrement direct (vérifié disponible 21/08/2026),11 $,40.0,disponible (RDAP registre),
426,grandkeel.com,T3,Composés brandables premium,Enregistrement direct (vérifié disponible 21/08/2026),11 $,40.0,disponible (RDAP registre),
427,alderyard.com,T3,Composés brandables premium,Enregistrement direct (vérifié disponible 21/08/2026),11 $,40.0,disponible (RDAP registre),
428,onyxtally.com,T3,Composés brandables premium,Enregistrement direct (vérifié disponible 21/08/2026),11 $,40.0,disponible (RDAP registre),
429,frostdock.com,T3,Composés brandables premium,Enregistrement direct (vérifié disponible 21/08/2026),11 $,40.0,disponible (RDAP registre),
430,solidmast.com,T3,Composés brandables premium,Enregistrement direct (vérifié disponible 21/08/2026),11 $,40.0,disponible (RDAP registre),
431,covemeter.com,T3,Composés brandables premium,Enregistrement direct (vérifié disponible 21/08/2026),11 $,40.0,disponible (RDAP registre),
432,cobaltbow.com,T3,Composés brandables premium,Enregistrement direct (vérifié disponible 21/08/2026),11 $,40.0,disponible (RDAP registre),
433,royalkeel.com,T3,Composés brandables premium,Enregistrement direct (vérifié disponible 21/08/2026),11 $,40.0,disponible (RDAP registre),
434,keengauge.com,T3,Composés brandables premium,Enregistrement direct (vérifié disponible 21/08/2026),11 $,40.0,disponible (RDAP registre),
435,reeftally.com,T3,Composés brandables premium,Enregistrement direct (vérifié disponible 21/08/2026),11 $,40.0,disponible (RDAP registre),
436,valehelm.com,T3,Composés brandables premium,Enregistrement direct (vérifié disponible 21/08/2026),11 $,40.0,disponible (RDAP registre),
437,metromast.com,T3,Composés brandables premium,Enregistrement direct (vérifié disponible 21/08/2026),11 $,40.0,disponible (RDAP registre),
438,driftmast.com,T3,Composés brandables premium,Enregistrement direct (vérifié disponible 21/08/2026),11 $,40.0,disponible (RDAP registre),
439,primemast.com,T3,Composés brandables premium,Enregistrement direct (vérifié disponible 21/08/2026),11 $,40.0,disponible (RDAP registre),
440,maplemast.com,T3,Composés brandables premium,Enregistrement direct (vérifié disponible 21/08/2026),11 $,40.0,disponible (RDAP registre),
441,pixelkeel.com,T3,Composés brandables premium,Enregistrement direct (vérifié disponible 21/08/2026),11 $,40.0,disponible (RDAP registre),
442,fjordkeel.com,T3,Composés brandables premium,Enregistrement direct (vérifié disponible 21/08/2026),11 $,40.0,disponible (RDAP registre),
443,valetruss.com,T3,Composés brandables premium,Enregistrement direct (vérifié disponible 21/08/2026),11 $,40.0,disponible (RDAP registre),
444,valerelay.com,T3,Composés brandables premium,Enregistrement direct (vérifié disponible 21/08/2026),11 $,40.0,disponible (RDAP registre),
445,wrenrelay.com,T3,Composés brandables premium,Enregistrement direct (vérifié disponible 21/08/2026),11 $,40.0,disponible (RDAP registre),
446,cranemast.com,T3,Composés brandables premium,Enregistrement direct (vérifié disponible 21/08/2026),11 $,40.0,disponible (RDAP registre),
447,keenaxiom.com,T3,Composés brandables premium,Enregistrement direct (vérifié disponible 21/08/2026),11 $,40.0,disponible (RDAP registre),
448,atollseal.com,T3,Composés brandables premium,Enregistrement direct (vérifié disponible 21/08/2026),11 $,40.0,disponible (RDAP registre),
449,tundrabow.com,T3,Composés brandables premium,Enregistrement direct (vérifié disponible 21/08/2026),11 $,40.0,disponible (RDAP registre),
450,moormeter.com,T3,Composés brandables premium,Enregistrement direct (vérifié disponible 21/08/2026),11 $,40.0,disponible (RDAP registre),
451,mesagauge.com,T3,Composés brandables premium,Enregistrement direct (vérifié disponible 21/08/2026),11 $,40.0,disponible (RDAP registre),
452,slatekiln.com,T3,Composés brandables premium,Enregistrement direct (vérifié disponible 21/08/2026),11 $,40.0,disponible (RDAP registre),
453,ridgekeel.com,T3,Composés brandables premium,Enregistrement direct (vérifié disponible 21/08/2026),11 $,40.0,disponible (RDAP registre),
454,quietbow.com,T3,Composés brandables premium,Enregistrement direct (vérifié disponible 21/08/2026),11 $,40.0,disponible (RDAP registre),
455,bluffdock.com,T3,Composés brandables premium,Enregistrement direct (vérifié disponible 21/08/2026),11 $,40.0,disponible (RDAP registre),
456,moordesk.com,T3,Composés brandables premium,Enregistrement direct (vérifié disponible 21/08/2026),11 $,40.0,disponible (RDAP registre),
457,slatehelm.com,T3,Composés brandables premium,Enregistrement direct (vérifié disponible 21/08/2026),11 $,40.0,disponible (RDAP registre),
458,boldgauge.com,T3,Composés brandables premium,Enregistrement direct (vérifié disponible 21/08/2026),11 $,40.0,disponible (RDAP registre),
459,cranemint.com,T3,Composés brandables premium,Enregistrement direct (vérifié disponible 21/08/2026),11 $,40.0,disponible (RDAP registre),
460,calmgauge.com,T3,Composés brandables premium,Enregistrement direct (vérifié disponible 21/08/2026),11 $,40.0,disponible (RDAP registre),
461,aspenbow.com,T3,Composés brandables premium,Enregistrement direct (vérifié disponible 21/08/2026),11 $,40.0,disponible (RDAP registre),
462,keentally.com,T3,Composés brandables premium,Enregistrement direct (vérifié disponible 21/08/2026),11 $,40.0,disponible (RDAP registre),
463,apexkiln.com,T3,Composés brandables premium,Enregistrement direct (vérifié disponible 21/08/2026),11 $,40.0,disponible (RDAP registre),
464,keenmeter.com,T3,Composés brandables premium,Enregistrement direct (vérifié disponible 21/08/2026),11 $,40.0,disponible (RDAP registre),
465,echomast.com,T3,Composés brandables premium,Enregistrement direct (vérifié disponible 21/08/2026),11 $,40.0,disponible (RDAP registre),
466,onyxgauge.com,T3,Composés brandables premium,Enregistrement direct (vérifié disponible 21/08/2026),11 $,40.0,disponible (RDAP registre),
467,crownmast.com,T3,Composés brandables premium,Enregistrement direct (vérifié disponible 21/08/2026),11 $,40.0,disponible (RDAP registre),
468,sableyard.com,T3,Composés brandables premium,Enregistrement direct (vérifié disponible 21/08/2026),11 $,40.0,disponible (RDAP registre),
469,polarkeel.com,T3,Composés brandables premium,Enregistrement direct (vérifié disponible 21/08/2026),11 $,40.0,disponible (RDAP registre),
470,duneseal.com,T3,Composés brandables premium,Enregistrement direct (vérifié disponible 21/08/2026),11 $,40.0,disponible (RDAP registre),
471,wrenmeter.com,T3,Composés brandables premium,Enregistrement direct (vérifié disponible 21/08/2026),11 $,40.0,disponible (RDAP registre),
472,indigobow.com,T3,Composés brandables premium,Enregistrement direct (vérifié disponible 21/08/2026),11 $,40.0,disponible (RDAP registre),
473,loomgauge.com,T3,Composés brandables premium,Enregistrement direct (vérifié disponible 21/08/2026),11 $,40.0,disponible (RDAP registre),
474,calmaxiom.com,T3,Composés brandables premium,Enregistrement direct (vérifié disponible 21/08/2026),11 $,40.0,disponible (RDAP registre),
475,atollkeep.com,T3,Composés brandables premium,Enregistrement direct (vérifié disponible 21/08/2026),11 $,40.0,disponible (RDAP registre),
476,rapidhelm.com,T3,Composés brandables premium,Enregistrement direct (vérifié disponible 21/08/2026),11 $,40.0,disponible (RDAP registre),
477,echogavel.com,T3,Composés brandables premium,Enregistrement direct (vérifié disponible 21/08/2026),11 $,40.0,disponible (RDAP registre),
478,dunemast.com,T3,Composés brandables premium,Enregistrement direct (vérifié disponible 21/08/2026),11 $,40.0,disponible (RDAP registre),
479,creekdesk.com,T3,Composés brandables premium,Enregistrement direct (vérifié disponible 21/08/2026),11 $,40.0,disponible (RDAP registre),
480,aspenhelm.com,T3,Composés brandables premium,Enregistrement direct (vérifié disponible 21/08/2026),11 $,40.0,disponible (RDAP registre),
481,heathkeep.com,T3,Composés brandables premium,Enregistrement direct (vérifié disponible 21/08/2026),11 $,40.0,disponible (RDAP registre),
482,forgemast.com,T3,Composés brandables premium,Enregistrement direct (vérifié disponible 21/08/2026),11 $,40.0,disponible (RDAP registre),
483,primeprow.com,T3,Composés brandables premium,Enregistrement direct (vérifié disponible 21/08/2026),11 $,40.0,disponible (RDAP registre),
484,covekeel.com,T3,Composés brandables premium,Enregistrement direct (vérifié disponible 21/08/2026),11 $,40.0,disponible (RDAP registre),
485,anvilkeep.com,T3,Composés brandables premium,Enregistrement direct (vérifié disponible 21/08/2026),11 $,40.0,disponible (RDAP registre),
486,millgauge.com,T3,Composés brandables premium,Enregistrement direct (vérifié disponible 21/08/2026),11 $,40.0,disponible (RDAP registre),
487,terrakeel.com,T3,Composés brandables premium,Enregistrement direct (vérifié disponible 21/08/2026),11 $,40.0,disponible (RDAP registre),
488,moormint.com,T3,Composés brandables premium,Enregistrement direct (vérifié disponible 21/08/2026),11 $,40.0,disponible (RDAP registre),
489,valegauge.com,T3,Composés brandables premium,Enregistrement direct (vérifié disponible 21/08/2026),11 $,40.0,disponible (RDAP registre),
490,truekiln.com,T3,Composés brandables premium,Enregistrement direct (vérifié disponible 21/08/2026),11 $,40.0,disponible (RDAP registre),
491,mesatally.com,T3,Composés brandables premium,Enregistrement direct (vérifié disponible 21/08/2026),11 $,40.0,disponible (RDAP registre),
492,millaxiom.com,T3,Composés brandables premium,Enregistrement direct (vérifié disponible 21/08/2026),11 $,40.0,disponible (RDAP registre),
493,meritkeel.com,T3,Composés brandables premium,Enregistrement direct (vérifié disponible 21/08/2026),11 $,40.0,disponible (RDAP registre),
494,moorhelm.com,T3,Composés brandables premium,Enregistrement direct (vérifié disponible 21/08/2026),11 $,40.0,disponible (RDAP registre),
495,rowanmast.com,T3,Composés brandables premium,Enregistrement direct (vérifié disponible 21/08/2026),11 $,40.0,disponible (RDAP registre),
496,creekmint.com,T3,Composés brandables premium,Enregistrement direct (vérifié disponible 21/08/2026),11 $,40.0,disponible (RDAP registre),
497,fenarmory.com,T3,Composés brandables premium,Enregistrement direct (vérifié disponible 21/08/2026),11 $,40.0,disponible (RDAP registre),
498,vividkeel.com,T3,Composés brandables premium,Enregistrement direct (vérifié disponible 21/08/2026),11 $,40.0,disponible (RDAP registre),
499,echoclerk.com,T3,Composés brandables premium,Enregistrement direct (vérifié disponible 21/08/2026),11 $,40.0,disponible (RDAP registre),
500,moorlathe.com,T3,Composés brandables premium,Enregistrement direct (vérifié disponible 21/08/2026),11 $,40.0,disponible (RDAP registre),
501,grandkiln.com,T3,Composés brandables premium,Enregistrement direct (vérifié disponible 21/08/2026),11 $,40.0,disponible (RDAP registre),
502,wrenbench.com,T3,Composés brandables premium,Enregistrement direct (vérifié disponible 21/08/2026),11 $,40.0,disponible (RDAP registre),
503,heathseal.com,T3,Composés brandables premium,Enregistrement direct (vérifié disponible 21/08/2026),11 $,40.0,disponible (RDAP registre),
504,flintkiln.com,T3,Composés brandables premium,Enregistrement direct (vérifié disponible 21/08/2026),11 $,40.0,disponible (RDAP registre),
505,wrengauge.com,T3,Composés brandables premium,Enregistrement direct (vérifié disponible 21/08/2026),11 $,40.0,disponible (RDAP registre),
506,reefbeam.com,T3,Composés brandables premium,Enregistrement direct (vérifié disponible 21/08/2026),11 $,40.0,disponible (RDAP registre),
507,covesigil.com,T3,Composés brandables premium,Enregistrement direct (vérifié disponible 21/08/2026),11 $,40.0,disponible (RDAP registre),
508,maplehelm.com,T3,Composés brandables premium,Enregistrement direct (vérifié disponible 21/08/2026),11 $,40.0,disponible (RDAP registre),
509,moorindex.com,T3,Composés brandables premium,Enregistrement direct (vérifié disponible 21/08/2026),11 $,40.0,disponible (RDAP registre),
510,zenithbow.com,T3,Composés brandables premium,Enregistrement direct (vérifié disponible 21/08/2026),11 $,40.0,disponible (RDAP registre),
511,duneprow.com,T3,Composés brandables premium,Enregistrement direct (vérifié disponible 21/08/2026),11 $,40.0,disponible (RDAP registre),
512,aspenkiln.com,T3,Composés brandables premium,Enregistrement direct (vérifié disponible 21/08/2026),11 $,40.0,disponible (RDAP registre),
513,valeprow.com,T3,Composés brandables premium,Enregistrement direct (vérifié disponible 21/08/2026),11 $,40.0,disponible (RDAP registre),
514,onyxbench.com,T3,Composés brandables premium,Enregistrement direct (vérifié disponible 21/08/2026),11 $,40.0,disponible (RDAP registre),
515,boldanvil.com,T3,Composés brandables premium,Enregistrement direct (vérifié disponible 21/08/2026),11 $,40.0,disponible (RDAP registre),
516,moorgauge.com,T3,Composés brandables premium,Enregistrement direct (vérifié disponible 21/08/2026),11 $,40.0,disponible (RDAP registre),
517,loomrelay.com,T3,Composés brandables premium,Enregistrement direct (vérifié disponible 21/08/2026),11 $,40.0,disponible (RDAP registre),
518,ottermast.com,T3,Composés brandables premium,Enregistrement direct (vérifié disponible 21/08/2026),11 $,40.0,disponible (RDAP registre),
519,cragmint.com,T3,Composés brandables premium,Enregistrement direct (vérifié disponible 21/08/2026),11 $,40.0,disponible (RDAP registre),
520,metrobow.com,T3,Composés brandables premium,Enregistrement direct (vérifié disponible 21/08/2026),11 $,40.0,disponible (RDAP registre),
521,heathyard.com,T3,Composés brandables premium,Enregistrement direct (vérifié disponible 21/08/2026),11 $,40.0,disponible (RDAP registre),
522,aldermint.com,T3,Composés brandables premium,Enregistrement direct (vérifié disponible 21/08/2026),11 $,40.0,disponible (RDAP registre),
523,heronseal.com,T3,Composés brandables premium,Enregistrement direct (vérifié disponible 21/08/2026),11 $,40.0,disponible (RDAP registre),
524,glenkeel.com,T3,Composés brandables premium,Enregistrement direct (vérifié disponible 21/08/2026),11 $,40.0,disponible (RDAP registre),
525,metrohelm.com,T3,Composés brandables premium,Enregistrement direct (vérifié disponible 21/08/2026),11 $,40.0,disponible (RDAP registre),
526,moorgavel.com,T3,Composés brandables premium,Enregistrement direct (vérifié disponible 21/08/2026),11 $,40.0,disponible (RDAP registre),
527,coralbow.com,T3,Composés brandables premium,Enregistrement direct (vérifié disponible 21/08/2026),11 $,40.0,disponible (RDAP registre),
528,fjordhelm.com,T3,Composés brandables premium,Enregistrement direct (vérifié disponible 21/08/2026),11 $,40.0,disponible (RDAP registre),
529,boldtally.com,T3,Composés brandables premium,Enregistrement direct (vérifié disponible 21/08/2026),11 $,40.0,disponible (RDAP registre),
530,mooratlas.com,T3,Composés brandables premium,Enregistrement direct (vérifié disponible 21/08/2026),11 $,40.0,disponible (RDAP registre),
531,keengavel.com,T3,Composés brandables premium,Enregistrement direct (vérifié disponible 21/08/2026),11 $,40.0,disponible (RDAP registre),
532,millrelay.com,T3,Composés brandables premium,Enregistrement direct (vérifié disponible 21/08/2026),11 $,40.0,disponible (RDAP registre),
533,valelathe.com,T3,Composés brandables premium,Enregistrement direct (vérifié disponible 21/08/2026),11 $,40.0,disponible (RDAP registre),
534,ochrehelm.com,T3,Composés brandables premium,Enregistrement direct (vérifié disponible 21/08/2026),11 $,40.0,disponible (RDAP registre),
535,millbench.com,T3,Composés brandables premium,Enregistrement direct (vérifié disponible 21/08/2026),11 $,40.0,disponible (RDAP registre),
536,loomhelm.com,T3,Composés brandables premium,Enregistrement direct (vérifié disponible 21/08/2026),11 $,40.0,disponible (RDAP registre),
537,milldock.com,T3,Composés brandables premium,Enregistrement direct (vérifié disponible 21/08/2026),11 $,40.0,disponible (RDAP registre),
538,heronmint.com,T3,Composés brandables premium,Enregistrement direct (vérifié disponible 21/08/2026),11 $,40.0,disponible (RDAP registre),
539,fencanvas.com,T3,Composés brandables premium,Enregistrement direct (vérifié disponible 21/08/2026),11 $,40.0,disponible (RDAP registre),
540,fentally.com,T3,Composés brandables premium,Enregistrement direct (vérifié disponible 21/08/2026),11 $,40.0,disponible (RDAP registre),
541,wrenmint.com,T3,Composés brandables premium,Enregistrement direct (vérifié disponible 21/08/2026),11 $,40.0,disponible (RDAP registre),
542,moortally.com,T3,Composés brandables premium,Enregistrement direct (vérifié disponible 21/08/2026),11 $,40.0,disponible (RDAP registre),
543,loomtally.com,T3,Composés brandables premium,Enregistrement direct (vérifié disponible 21/08/2026),11 $,40.0,disponible (RDAP registre),
544,onyxmast.com,T3,Composés brandables premium,Enregistrement direct (vérifié disponible 21/08/2026),11 $,40.0,disponible (RDAP registre),
545,atolldock.com,T3,Composés brandables premium,Enregistrement direct (vérifié disponible 21/08/2026),11 $,40.0,disponible (RDAP registre),
546,valeclerk.com,T3,Composés brandables premium,Enregistrement direct (vérifié disponible 21/08/2026),11 $,40.0,disponible (RDAP registre),
547,calmseal.com,T3,Composés brandables premium,Enregistrement direct (vérifié disponible 21/08/2026),11 $,40.0,disponible (RDAP registre),
548,reefseal.com,T3,Composés brandables premium,Enregistrement direct (vérifié disponible 21/08/2026),11 $,40.0,disponible (RDAP registre),
549,valesigil.com,T3,Composés brandables premium,Enregistrement direct (vérifié disponible 21/08/2026),11 $,40.0,disponible (RDAP registre),
550,valeanvil.com,T3,Composés brandables premium,Enregistrement direct (vérifié disponible 21/08/2026),11 $,40.0,disponible (RDAP registre),
551,aspendock.com,T3,Composés brandables premium,Enregistrement direct (vérifié disponible 21/08/2026),11 $,40.0,disponible (RDAP registre),
552,onyxmeter.com,T3,Composés brandables premium,Enregistrement direct (vérifié disponible 21/08/2026),11 $,40.0,disponible (RDAP registre),
553,coralkeel.com,T3,Composés brandables premium,Enregistrement direct (vérifié disponible 21/08/2026),11 $,40.0,disponible (RDAP registre),
554,summitanvil.com,T3,Composés brandables premium,Enregistrement direct (vérifié disponible 21/08/2026),11 $,30.0,disponible (RDAP registre),
555,vertexrudder.com,T3,Composés brandables premium,Enregistrement direct (vérifié disponible 21/08/2026),11 $,30.0,disponible (RDAP registre),
556,quietcoffer.com,T3,Composés brandables premium,Enregistrement direct (vérifié disponible 21/08/2026),11 $,30.0,disponible (RDAP registre),
557,ottercipher.com,T3,Composés brandables premium,Enregistrement direct (vérifié disponible 21/08/2026),11 $,30.0,disponible (RDAP registre),
558,ridgecoffer.com,T3,Composés brandables premium,Enregistrement direct (vérifié disponible 21/08/2026),11 $,30.0,disponible (RDAP registre),
559,ridgerampart.com,T3,Composés brandables premium,Enregistrement direct (vérifié disponible 21/08/2026),11 $,30.0,disponible (RDAP registre),
560,ochrequill.com,T3,Composés brandables premium,Enregistrement direct (vérifié disponible 21/08/2026),11 $,30.0,disponible (RDAP registre),
561,moorcurrent.com,T3,Composés brandables premium,Enregistrement direct (vérifié disponible 21/08/2026),11 $,30.0,disponible (RDAP registre),
562,vividmeter.com,T3,Composés brandables premium,Enregistrement direct (vérifié disponible 21/08/2026),11 $,30.0,disponible (RDAP registre),
563,ochrechamber.com,T3,Composés brandables premium,Enregistrement direct (vérifié disponible 21/08/2026),11 $,30.0,disponible (RDAP registre),
564,terragavel.com,T3,Composés brandables premium,Enregistrement direct (vérifié disponible 21/08/2026),11 $,30.0,disponible (RDAP registre),
565,cragcanvas.com,T3,Composés brandables premium,Enregistrement direct (vérifié disponible 21/08/2026),11 $,30.0,disponible (RDAP registre),
566,fjordmantle.com,T3,Composés brandables premium,Enregistrement direct (vérifié disponible 21/08/2026),11 $,30.0,disponible (RDAP registre),
567,briskmatrix.com,T3,Composés brandables premium,Enregistrement direct (vérifié disponible 21/08/2026),11 $,30.0,disponible (RDAP registre),
568,alderaxiom.com,T3,Composés brandables premium,Enregistrement direct (vérifié disponible 21/08/2026),11 $,30.0,disponible (RDAP registre),
569,fjordrampart.com,T3,Composés brandables premium,Enregistrement direct (vérifié disponible 21/08/2026),11 $,30.0,disponible (RDAP registre),
570,heronpulse.com,T3,Composés brandables premium,Enregistrement direct (vérifié disponible 21/08/2026),11 $,30.0,disponible (RDAP registre),
571,metrotruss.com,T3,Composés brandables premium,Enregistrement direct (vérifié disponible 21/08/2026),11 $,30.0,disponible (RDAP registre),
572,amberbench.com,T3,Composés brandables premium,Enregistrement direct (vérifié disponible 21/08/2026),11 $,30.0,disponible (RDAP registre),
573,brookgirder.com,T3,Composés brandables premium,Enregistrement direct (vérifié disponible 21/08/2026),11 $,30.0,disponible (RDAP registre),
574,ridgeclerk.com,T3,Composés brandables premium,Enregistrement direct (vérifié disponible 21/08/2026),11 $,30.0,disponible (RDAP registre),
575,echogirder.com,T3,Composés brandables premium,Enregistrement direct (vérifié disponible 21/08/2026),11 $,30.0,disponible (RDAP registre),
576,anvilcitadel.com,T3,Composés brandables premium,Enregistrement direct (vérifié disponible 21/08/2026),11 $,30.0,disponible (RDAP registre),
577,ravenarsenal.com,T3,Composés brandables premium,Enregistrement direct (vérifié disponible 21/08/2026),11 $,30.0,disponible (RDAP registre),
578,herongauge.com,T3,Composés brandables premium,Enregistrement direct (vérifié disponible 21/08/2026),11 $,30.0,disponible (RDAP registre),
579,loomcouncil.com,T3,Composés brandables premium,Enregistrement direct (vérifié disponible 21/08/2026),11 $,30.0,disponible (RDAP registre),
580,glenarsenal.com,T3,Composés brandables premium,Enregistrement direct (vérifié disponible 21/08/2026),11 $,30.0,disponible (RDAP registre),
581,heronhearth.com,T3,Composés brandables premium,Enregistrement direct (vérifié disponible 21/08/2026),11 $,30.0,disponible (RDAP registre),
582,ridgevaults.com,T3,Composés brandables premium,Enregistrement direct (vérifié disponible 21/08/2026),11 $,30.0,disponible (RDAP registre),
583,glenarmory.com,T3,Composés brandables premium,Enregistrement direct (vérifié disponible 21/08/2026),11 $,30.0,disponible (RDAP registre),
584,frostcitadel.com,T3,Composés brandables premium,Enregistrement direct (vérifié disponible 21/08/2026),11 $,30.0,disponible (RDAP registre),
585,slateaxiom.com,T3,Composés brandables premium,Enregistrement direct (vérifié disponible 21/08/2026),11 $,30.0,disponible (RDAP registre),
586,umbervaults.com,T3,Composés brandables premium,Enregistrement direct (vérifié disponible 21/08/2026),11 $,30.0,disponible (RDAP registre),
587,falconcoffer.com,T3,Composés brandables premium,Enregistrement direct (vérifié disponible 21/08/2026),11 $,30.0,disponible (RDAP registre),
588,haventally.com,T3,Composés brandables premium,Enregistrement direct (vérifié disponible 21/08/2026),11 $,30.0,disponible (RDAP registre),
589,vectorkeep.com,T3,Composés brandables premium,Enregistrement direct (vérifié disponible 21/08/2026),11 $,30.0,disponible (RDAP registre),
590,glenanchor.com,T3,Composés brandables premium,Enregistrement direct (vérifié disponible 21/08/2026),11 $,30.0,disponible (RDAP registre),
591,indigorudder.com,T3,Composés brandables premium,Enregistrement direct (vérifié disponible 21/08/2026),11 $,30.0,disponible (RDAP registre),
592,flintorchard.com,T3,Composés brandables premium,Enregistrement direct (vérifié disponible 21/08/2026),11 $,30.0,disponible (RDAP registre),
593,ochrecouncil.com,T3,Composés brandables premium,Enregistrement direct (vérifié disponible 21/08/2026),11 $,30.0,disponible (RDAP registre),
594,flintindex.com,T3,Composés brandables premium,Enregistrement direct (vérifié disponible 21/08/2026),11 $,30.0,disponible (RDAP registre),
595,cleargirder.com,T3,Composés brandables premium,Enregistrement direct (vérifié disponible 21/08/2026),11 $,30.0,disponible (RDAP registre),
596,rowanpennant.com,T3,Composés brandables premium,Enregistrement direct (vérifié disponible 21/08/2026),11 $,30.0,disponible (RDAP registre),
597,harborlathe.com,T3,Composés brandables premium,Enregistrement direct (vérifié disponible 21/08/2026),11 $,30.0,disponible (RDAP registre),
598,wrenlattice.com,T3,Composés brandables premium,Enregistrement direct (vérifié disponible 21/08/2026),11 $,30.0,disponible (RDAP registre),
599,creeklathe.com,T3,Composés brandables premium,Enregistrement direct (vérifié disponible 21/08/2026),11 $,30.0,disponible (RDAP registre),
600,harbortally.com,T3,Composés brandables premium,Enregistrement direct (vérifié disponible 21/08/2026),11 $,30.0,disponible (RDAP registre),
601,ochregirder.com,T3,Composés brandables premium,Enregistrement direct (vérifié disponible 21/08/2026),11 $,30.0,disponible (RDAP registre),
602,clearanvil.com,T3,Composés brandables premium,Enregistrement direct (vérifié disponible 21/08/2026),11 $,30.0,disponible (RDAP registre),
603,flintaxiom.com,T3,Composés brandables premium,Enregistrement direct (vérifié disponible 21/08/2026),11 $,30.0,disponible (RDAP registre),
604,ironrudder.com,T3,Composés brandables premium,Enregistrement direct (vérifié disponible 21/08/2026),11 $,30.0,disponible (RDAP registre),
605,lanternbench.com,T3,Composés brandables premium,Enregistrement direct (vérifié disponible 21/08/2026),11 $,30.0,disponible (RDAP registre),
606,metrobastion.com,T3,Composés brandables premium,Enregistrement direct (vérifié disponible 21/08/2026),11 $,30.0,disponible (RDAP registre),
607,forgeorchard.com,T3,Composés brandables premium,Enregistrement direct (vérifié disponible 21/08/2026),11 $,30.0,disponible (RDAP registre),
608,finchorchard.com,T3,Composés brandables premium,Enregistrement direct (vérifié disponible 21/08/2026),11 $,30.0,disponible (RDAP registre),
609,aspenbanner.com,T3,Composés brandables premium,Enregistrement direct (vérifié disponible 21/08/2026),11 $,30.0,disponible (RDAP registre),
610,cedararsenal.com,T3,Composés brandables premium,Enregistrement direct (vérifié disponible 21/08/2026),11 $,30.0,disponible (RDAP registre),
611,purerudder.com,T3,Composés brandables premium,Enregistrement direct (vérifié disponible 21/08/2026),11 $,30.0,disponible (RDAP registre),
612,aldercoffer.com,T3,Composés brandables premium,Enregistrement direct (vérifié disponible 21/08/2026),11 $,30.0,disponible (RDAP registre),
613,maplearsenal.com,T3,Composés brandables premium,Enregistrement direct (vérifié disponible 21/08/2026),11 $,30.0,disponible (RDAP registre),
614,stilltally.com,T3,Composés brandables premium,Enregistrement direct (vérifié disponible 21/08/2026),11 $,30.0,disponible (RDAP registre),
615,vividrudder.com,T3,Composés brandables premium,Enregistrement direct (vérifié disponible 21/08/2026),11 $,30.0,disponible (RDAP registre),
616,rowanaxiom.com,T3,Composés brandables premium,Enregistrement direct (vérifié disponible 21/08/2026),11 $,30.0,disponible (RDAP registre),
617,anvilorchard.com,T3,Composés brandables premium,Enregistrement direct (vérifié disponible 21/08/2026),11 $,30.0,disponible (RDAP registre),
618,craglattice.com,T3,Composés brandables premium,Enregistrement direct (vérifié disponible 21/08/2026),11 $,30.0,disponible (RDAP registre),
619,quietrudder.com,T3,Composés brandables premium,Enregistrement direct (vérifié disponible 21/08/2026),11 $,30.0,disponible (RDAP registre),
620,sterilityai.com,T4,‹métier›ai.com,Enregistrement direct (vérifié disponible 21/08/2026),11 $,61.0,disponible (RDAP registre),
621,copaysai.com,T4,‹métier›ai.com,Enregistrement direct (vérifié disponible 21/08/2026),11 $,60.0,disponible (RDAP registre),
622,portcallai.com,T4,‹métier›ai.com,Enregistrement direct (vérifié disponible 21/08/2026),11 $,58.0,disponible (RDAP registre),
623,estopai.com,T4,‹métier›ai.com,Enregistrement direct (vérifié disponible 21/08/2026),11 $,58.0,disponible (RDAP registre),
624,mooringai.com,T4,‹métier›ai.com,Enregistrement direct (vérifié disponible 21/08/2026),11 $,58.0,disponible (RDAP registre),
625,stevedoreai.com,T4,‹métier›ai.com,Enregistrement direct (vérifié disponible 21/08/2026),11 $,58.0,disponible (RDAP registre),
626,ginningai.com,T4,‹métier›ai.com,Enregistrement direct (vérifié disponible 21/08/2026),11 $,58.0,disponible (RDAP registre),
627,remandai.com,T4,‹métier›ai.com,Enregistrement direct (vérifié disponible 21/08/2026),11 $,58.0,disponible (RDAP registre),
628,laytimeai.com,T4,‹métier›ai.com,Enregistrement direct (vérifié disponible 21/08/2026),11 $,56.0,disponible (RDAP registre),
629,cadasterai.com,T4,‹métier›ai.com,Enregistrement direct (vérifié disponible 21/08/2026),11 $,48.0,disponible (RDAP registre),
630,repossessai.com,T4,‹métier›ai.com,Enregistrement direct (vérifié disponible 21/08/2026),11 $,48.0,disponible (RDAP registre),
631,silageai.com,T4,‹métier›ai.com,Enregistrement direct (vérifié disponible 21/08/2026),11 $,46.0,disponible (RDAP registre),
632,retainageai.com,T4,‹métier›ai.com,Enregistrement direct (vérifié disponible 21/08/2026),11 $,46.0,disponible (RDAP registre),
633,arrearai.com,T4,‹métier›ai.com,Enregistrement direct (vérifié disponible 21/08/2026),11 $,46.0,disponible (RDAP registre),
634,easements.ai,T5,Mots rares en .ai,Enregistrement direct (vérifié disponible 21/08/2026),95 $,45.9,disponible (RDAP registre),
635,flouss.ai,T5,Mots rares en .ai,Enregistrement direct (vérifié disponible 21/08/2026),95 $,45.9,disponible (RDAP registre),
636,bareme.ai,T5,Mots rares en .ai,Enregistrement direct (vérifié disponible 21/08/2026),95 $,45.9,disponible (RDAP registre),
637,liasse.ai,T5,Mots rares en .ai,Enregistrement direct (vérifié disponible 21/08/2026),95 $,45.9,disponible (RDAP registre),
638,zwina.ai,T5,Mots rares en .ai,Enregistrement direct (vérifié disponible 21/08/2026),95 $,45.9,disponible (RDAP registre),
639,hanout.ai,T5,Mots rares en .ai,Enregistrement direct (vérifié disponible 21/08/2026),95 $,45.9,disponible (RDAP registre),
640,gharar.ai,T5,Mots rares en .ai,Enregistrement direct (vérifié disponible 21/08/2026),95 $,45.9,disponible (RDAP registre),
641,mezyan.ai,T5,Mots rares en .ai,Enregistrement direct (vérifié disponible 21/08/2026),95 $,45.9,disponible (RDAP registre),
642,peage.ai,T5,Mots rares en .ai,Enregistrement direct (vérifié disponible 21/08/2026),95 $,45.9,disponible (RDAP registre),
643,sarout.ai,T5,Mots rares en .ai,Enregistrement direct (vérifié disponible 21/08/2026),95 $,45.9,disponible (RDAP registre),
644,douar.ai,T5,Mots rares en .ai,Enregistrement direct (vérifié disponible 21/08/2026),95 $,45.9,disponible (RDAP registre),
645,bslama.ai,T5,Mots rares en .ai,Enregistrement direct (vérifié disponible 21/08/2026),95 $,45.9,disponible (RDAP registre),
646,arcing.ai,T5,Mots rares en .ai,Enregistrement direct (vérifié disponible 21/08/2026),95 $,45.9,disponible (RDAP registre),
647,gnawa.ai,T5,Mots rares en .ai,Enregistrement direct (vérifié disponible 21/08/2026),95 $,45.9,disponible (RDAP registre),
648,bezzaf.ai,T5,Mots rares en .ai,Enregistrement direct (vérifié disponible 21/08/2026),95 $,45.9,disponible (RDAP registre),
649,ftour.ai,T5,Mots rares en .ai,Enregistrement direct (vérifié disponible 21/08/2026),95 $,45.9,disponible (RDAP registre),
650,plaidoirie.ai,T5,Mots rares en .ai,Enregistrement direct (vérifié disponible 21/08/2026),95 $,37.4,disponible (RDAP registre),
651,lienwaiver.ai,T5,Mots rares en .ai,Enregistrement direct (vérifié disponible 21/08/2026),95 $,37.4,disponible (RDAP registre),
652,lienwaivers.ai,T5,Mots rares en .ai,Enregistrement direct (vérifié disponible 21/08/2026),95 $,37.4,disponible (RDAP registre),
653,atay.ai,T5,Mots rares en .ai,Enregistrement direct (vérifié disponible 21/08/2026),95 $,35.7,disponible (RDAP registre),
654,astreinte.ai,T5,Mots rares en .ai,Enregistrement direct (vérifié disponible 21/08/2026),95 $,35.7,disponible (RDAP registre),
655,souika.ai,T5,Mots rares en .ai,Enregistrement direct (vérifié disponible 21/08/2026),95 $,35.7,disponible (RDAP registre),
656,musharaka.ai,T5,Mots rares en .ai,Enregistrement direct (vérifié disponible 21/08/2026),95 $,35.7,disponible (RDAP registre),
657,mainlevee.ai,T5,Mots rares en .ai,Enregistrement direct (vérifié disponible 21/08/2026),95 $,35.7,disponible (RDAP registre),
658,avaluos.ai,T5,Mots rares en .ai,Enregistrement direct (vérifié disponible 21/08/2026),95 $,35.7,disponible (RDAP registre),
659,istisna.ai,T5,Mots rares en .ai,Enregistrement direct (vérifié disponible 21/08/2026),95 $,35.7,disponible (RDAP registre),
660,tawarruq.ai,T5,Mots rares en .ai,Enregistrement direct (vérifié disponible 21/08/2026),95 $,35.7,disponible (RDAP registre),
661,mudaraba.ai,T5,Mots rares en .ai,Enregistrement direct (vérifié disponible 21/08/2026),95 $,35.7,disponible (RDAP registre),
662,corretaje.ai,T5,Mots rares en .ai,Enregistrement direct (vérifié disponible 21/08/2026),95 $,35.7,disponible (RDAP registre),
663,titration.ai,T5,Mots rares en .ai,Enregistrement direct (vérifié disponible 21/08/2026),95 $,35.7,disponible (RDAP registre),
664,boletas.ai,T5,Mots rares en .ai,Enregistrement direct (vérifié disponible 21/08/2026),95 $,35.7,disponible (RDAP registre),
665,factoraje.ai,T5,Mots rares en .ai,Enregistrement direct (vérifié disponible 21/08/2026),95 $,35.7,disponible (RDAP registre),
666,moukawala.ai,T5,Mots rares en .ai,Enregistrement direct (vérifié disponible 21/08/2026),95 $,35.7,disponible (RDAP registre),
667,moukawil.ai,T5,Mots rares en .ai,Enregistrement direct (vérifié disponible 21/08/2026),95 $,35.7,disponible (RDAP registre),
668,berline.ai,T5,Mots rares en .ai,Enregistrement direct (vérifié disponible 21/08/2026),95 $,35.7,disponible (RDAP registre),
669,ferrane.ai,T5,Mots rares en .ai,Enregistrement direct (vérifié disponible 21/08/2026),95 $,35.7,disponible (RDAP registre),
670,fourriere.ai,T5,Mots rares en .ai,Enregistrement direct (vérifié disponible 21/08/2026),95 $,35.7,disponible (RDAP registre),
671,sommation.ai,T5,Mots rares en .ai,Enregistrement direct (vérifié disponible 21/08/2026),95 $,35.7,disponible (RDAP registre),
672,bioburden.ai,T5,Mots rares en .ai,Enregistrement direct (vérifié disponible 21/08/2026),95 $,35.7,disponible (RDAP registre),
673,tifinagh.ai,T5,Mots rares en .ai,Enregistrement direct (vérifié disponible 21/08/2026),95 $,35.7,disponible (RDAP registre),
674,siniestro.ai,T5,Mots rares en .ai,Enregistrement direct (vérifié disponible 21/08/2026),95 $,35.7,disponible (RDAP registre),
675,penhora.ai,T5,Mots rares en .ai,Enregistrement direct (vérifié disponible 21/08/2026),95 $,35.7,disponible (RDAP registre),
676,parapheur.ai,T5,Mots rares en .ai,Enregistrement direct (vérifié disponible 21/08/2026),95 $,35.7,disponible (RDAP registre),
677,surenchere.ai,T5,Mots rares en .ai,Enregistrement direct (vérifié disponible 21/08/2026),95 $,27.2,disponible (RDAP registre),
678,carrossier.ai,T5,Mots rares en .ai,Enregistrement direct (vérifié disponible 21/08/2026),95 $,27.2,disponible (RDAP registre),
679,nantissement.ai,T5,Mots rares en .ai,Enregistrement direct (vérifié disponible 21/08/2026),95 $,27.2,disponible (RDAP registre),
680,siniestros.ai,T5,Mots rares en .ai,Enregistrement direct (vérifié disponible 21/08/2026),95 $,27.2,disponible (RDAP registre),
681,subrogation.ai,T5,Mots rares en .ai,Enregistrement direct (vérifié disponible 21/08/2026),95 $,27.2,disponible (RDAP registre),
682,faturamento.ai,T5,Mots rares en .ai,Enregistrement direct (vérifié disponible 21/08/2026),95 $,27.2,disponible (RDAP registre),
683,afianzadora.ai,T5,Mots rares en .ai,Enregistrement direct (vérifié disponible 21/08/2026),95 $,27.2,disponible (RDAP registre),
684,remorquage.ai,T5,Mots rares en .ai,Enregistrement direct (vérifié disponible 21/08/2026),95 $,27.2,disponible (RDAP registre),
685,forclusion.ai,T5,Mots rares en .ai,Enregistrement direct (vérifié disponible 21/08/2026),95 $,27.2,disponible (RDAP registre),
686,covoiturage.ai,T5,Mots rares en .ai,Enregistrement direct (vérifié disponible 21/08/2026),95 $,27.2,disponible (RDAP registre),
687,expedientes.ai,T5,Mots rares en .ai,Enregistrement direct (vérifié disponible 21/08/2026),95 $,27.2,disponible (RDAP registre),
688,essaouira.ai,T5,Mots rares en .ai,Enregistrement direct (vérifié disponible 21/08/2026),95 $,25.5,disponible (RDAP registre),
689,abstracting.ai,T5,Mots rares en .ai,Enregistrement direct (vérifié disponible 21/08/2026),95 $,17.0,disponible (RDAP registre),
690,cautionnement.ai,T5,Mots rares en .ai,Enregistrement direct (vérifié disponible 21/08/2026),95 $,10.2,disponible (RDAP registre),
691,msp-ia.fr,T6,Verticales françaises en .fr,Enregistrement direct (vérifié disponible 21/08/2026),8 €,21.0,disponible (RDAP registre),
692,legs-ia.fr,T6,Verticales françaises en .fr,Enregistrement direct (vérifié disponible 21/08/2026),8 €,21.0,disponible (RDAP registre),
693,greffes-ia.fr,T6,Verticales françaises en .fr,Enregistrement direct (vérifié disponible 21/08/2026),8 €,21.0,disponible (RDAP registre),
694,scpi-ia.fr,T6,Verticales françaises en .fr,Enregistrement direct (vérifié disponible 21/08/2026),8 €,21.0,disponible (RDAP registre),
695,spas-ia.fr,T6,Verticales françaises en .fr,Enregistrement direct (vérifié disponible 21/08/2026),8 €,21.0,disponible (RDAP registre),
696,lbo-ia.fr,T6,Verticales françaises en .fr,Enregistrement direct (vérifié disponible 21/08/2026),8 €,21.0,disponible (RDAP registre),
697,tva-ia.fr,T6,Verticales françaises en .fr,Enregistrement direct (vérifié disponible 21/08/2026),8 €,21.0,disponible (RDAP registre),
698,hlm-ia.fr,T6,Verticales françaises en .fr,Enregistrement direct (vérifié disponible 21/08/2026),8 €,21.0,disponible (RDAP registre),
699,greffe-ia.fr,T6,Verticales françaises en .fr,Enregistrement direct (vérifié disponible 21/08/2026),8 €,21.0,disponible (RDAP registre),
700,tresorerie-ia.fr,T6,Verticales françaises en .fr,Enregistrement direct (vérifié disponible 21/08/2026),8 €,17.6,disponible (RDAP registre),
701,credit-immo-ia.fr,T6,Verticales françaises en .fr,Enregistrement direct (vérifié disponible 21/08/2026),8 €,17.6,disponible (RDAP registre),
702,credit-bail-ia.fr,T6,Verticales françaises en .fr,Enregistrement direct (vérifié disponible 21/08/2026),8 €,17.6,disponible (RDAP registre),
703,paysagiste-ia.fr,T6,Verticales françaises en .fr,Enregistrement direct (vérifié disponible 21/08/2026),8 €,17.6,disponible (RDAP registre),
704,notariat-ia.fr,T6,Verticales françaises en .fr,Enregistrement direct (vérifié disponible 21/08/2026),8 €,16.8,disponible (RDAP registre),
705,impayes-ia.fr,T6,Verticales françaises en .fr,Enregistrement direct (vérifié disponible 21/08/2026),8 €,16.8,disponible (RDAP registre),
706,huissier-ia.fr,T6,Verticales françaises en .fr,Enregistrement direct (vérifié disponible 21/08/2026),8 €,16.8,disponible (RDAP registre),
707,foncieres-ia.fr,T6,Verticales françaises en .fr,Enregistrement direct (vérifié disponible 21/08/2026),8 €,16.8,disponible (RDAP registre),
708,huissiers-ia.fr,T6,Verticales françaises en .fr,Enregistrement direct (vérifié disponible 21/08/2026),8 €,16.8,disponible (RDAP registre),
709,vefa-ia.fr,T6,Verticales françaises en .fr,Enregistrement direct (vérifié disponible 21/08/2026),8 €,16.0,disponible (RDAP registre),
710,peintre-ia.fr,T6,Verticales françaises en .fr,Enregistrement direct (vérifié disponible 21/08/2026),8 €,16.0,disponible (RDAP registre),
711,creche-ia.fr,T6,Verticales françaises en .fr,Enregistrement direct (vérifié disponible 21/08/2026),8 €,16.0,disponible (RDAP registre),
712,primeur-ia.fr,T6,Verticales françaises en .fr,Enregistrement direct (vérifié disponible 21/08/2026),8 €,16.0,disponible (RDAP registre),
713,hammam-ia.fr,T6,Verticales françaises en .fr,Enregistrement direct (vérifié disponible 21/08/2026),8 €,16.0,disponible (RDAP registre),
714,clerc-ia.fr,T6,Verticales françaises en .fr,Enregistrement direct (vérifié disponible 21/08/2026),8 €,16.0,disponible (RDAP registre),
715,logistique-ia.fr,T6,Verticales françaises en .fr,Enregistrement direct (vérifié disponible 21/08/2026),8 €,16.0,disponible (RDAP registre),
716,vae-ia.fr,T6,Verticales françaises en .fr,Enregistrement direct (vérifié disponible 21/08/2026),8 €,16.0,disponible (RDAP registre),
717,export-ia.fr,T6,Verticales françaises en .fr,Enregistrement direct (vérifié disponible 21/08/2026),8 €,16.0,disponible (RDAP registre),
718,tutorat-ia.fr,T6,Verticales françaises en .fr,Enregistrement direct (vérifié disponible 21/08/2026),8 €,16.0,disponible (RDAP registre),
719,relance-ia.fr,T6,Verticales françaises en .fr,Enregistrement direct (vérifié disponible 21/08/2026),8 €,16.0,disponible (RDAP registre),
720,mprenov-ia.fr,T6,Verticales françaises en .fr,Enregistrement direct (vérifié disponible 21/08/2026),8 €,16.0,disponible (RDAP registre),
721,leasing-ia.fr,T6,Verticales françaises en .fr,Enregistrement direct (vérifié disponible 21/08/2026),8 €,16.0,disponible (RDAP registre),
722,camping-ia.fr,T6,Verticales françaises en .fr,Enregistrement direct (vérifié disponible 21/08/2026),8 €,16.0,disponible (RDAP registre),
723,achats-ia.fr,T6,Verticales françaises en .fr,Enregistrement direct (vérifié disponible 21/08/2026),8 €,16.0,disponible (RDAP registre),
724,phoning-ia.fr,T6,Verticales françaises en .fr,Enregistrement direct (vérifié disponible 21/08/2026),8 €,16.0,disponible (RDAP registre),
725,hotline-ia.fr,T6,Verticales françaises en .fr,Enregistrement direct (vérifié disponible 21/08/2026),8 €,16.0,disponible (RDAP registre),
726,gardes-ia.fr,T6,Verticales françaises en .fr,Enregistrement direct (vérifié disponible 21/08/2026),8 €,16.0,disponible (RDAP registre),
727,bail-ia.fr,T6,Verticales françaises en .fr,Enregistrement direct (vérifié disponible 21/08/2026),8 €,16.0,disponible (RDAP registre),
728,kine-ia.fr,T6,Verticales françaises en .fr,Enregistrement direct (vérifié disponible 21/08/2026),8 €,16.0,disponible (RDAP registre),
729,partage-ia.fr,T6,Verticales françaises en .fr,Enregistrement direct (vérifié disponible 21/08/2026),8 €,16.0,disponible (RDAP registre),
730,glacier-ia.fr,T6,Verticales françaises en .fr,Enregistrement direct (vérifié disponible 21/08/2026),8 €,16.0,disponible (RDAP registre),
731,placo-ia.fr,T6,Verticales françaises en .fr,Enregistrement direct (vérifié disponible 21/08/2026),8 €,16.0,disponible (RDAP registre),
732,ehpad-ia.fr,T6,Verticales françaises en .fr,Enregistrement direct (vérifié disponible 21/08/2026),8 €,16.0,disponible (RDAP registre),
733,maconnerie-ia.fr,T6,Verticales françaises en .fr,Enregistrement direct (vérifié disponible 21/08/2026),8 €,16.0,disponible (RDAP registre),
734,caviste-ia.fr,T6,Verticales françaises en .fr,Enregistrement direct (vérifié disponible 21/08/2026),8 €,16.0,disponible (RDAP registre),
735,garant-ia.fr,T6,Verticales françaises en .fr,Enregistrement direct (vérifié disponible 21/08/2026),8 €,16.0,disponible (RDAP registre),
736,syndics-ia.fr,T6,Verticales françaises en .fr,Enregistrement direct (vérifié disponible 21/08/2026),8 €,16.0,disponible (RDAP registre),
737,interim-ia.fr,T6,Verticales françaises en .fr,Enregistrement direct (vérifié disponible 21/08/2026),8 €,16.0,disponible (RDAP registre),
738,solaire-ia.fr,T6,Verticales françaises en .fr,Enregistrement direct (vérifié disponible 21/08/2026),8 €,15.5,disponible (RDAP registre),
739,courtier-ia.fr,T6,Verticales françaises en .fr,Enregistrement direct (vérifié disponible 21/08/2026),8 €,15.5,disponible (RDAP registre),
740,mutuelles-ia.fr,T6,Verticales françaises en .fr,Enregistrement direct (vérifié disponible 21/08/2026),8 €,15.5,disponible (RDAP registre),
741,audit-legal-ia.fr,T6,Verticales françaises en .fr,Enregistrement direct (vérifié disponible 21/08/2026),8 €,15.5,disponible (RDAP registre),
742,sinistre-ia.fr,T6,Verticales françaises en .fr,Enregistrement direct (vérifié disponible 21/08/2026),8 €,15.5,disponible (RDAP registre),
743,cyberaudit-ia.fr,T6,Verticales françaises en .fr,Enregistrement direct (vérifié disponible 21/08/2026),8 €,15.5,disponible (RDAP registre),
744,sinistres-ia.fr,T6,Verticales françaises en .fr,Enregistrement direct (vérifié disponible 21/08/2026),8 €,15.5,disponible (RDAP registre),
745,energie-ia.fr,T6,Verticales françaises en .fr,Enregistrement direct (vérifié disponible 21/08/2026),8 €,15.5,disponible (RDAP registre),
746,mutuelle-ia.fr,T6,Verticales françaises en .fr,Enregistrement direct (vérifié disponible 21/08/2026),8 €,15.5,disponible (RDAP registre),
747,douane-ia.fr,T6,Verticales françaises en .fr,Enregistrement direct (vérifié disponible 21/08/2026),8 €,15.1,disponible (RDAP registre),
748,radiologie-ia.fr,T6,Verticales françaises en .fr,Enregistrement direct (vérifié disponible 21/08/2026),8 €,12.2,disponible (RDAP registre),
749,notairesia.fr,T6,Verticales françaises en .fr,Enregistrement direct (vérifié disponible 21/08/2026),8 €,11.8,disponible (RDAP registre),
750,fondations-ia.fr,T6,Verticales françaises en .fr,Enregistrement direct (vérifié disponible 21/08/2026),8 €,11.8,disponible (RDAP registre),
751,traiteur-ia.fr,T6,Verticales françaises en .fr,Enregistrement direct (vérifié disponible 21/08/2026),8 €,11.8,disponible (RDAP registre),
752,pressing-ia.fr,T6,Verticales françaises en .fr,Enregistrement direct (vérifié disponible 21/08/2026),8 €,11.8,disponible (RDAP registre),
753,plaidoirie-ia.fr,T6,Verticales françaises en .fr,Enregistrement direct (vérifié disponible 21/08/2026),8 €,11.8,disponible (RDAP registre),
754,testament-ia.fr,T6,Verticales françaises en .fr,Enregistrement direct (vérifié disponible 21/08/2026),8 €,11.8,disponible (RDAP registre),
755,promoteurs-ia.fr,T6,Verticales françaises en .fr,Enregistrement direct (vérifié disponible 21/08/2026),8 €,11.8,disponible (RDAP registre),
756,quittances-ia.fr,T6,Verticales françaises en .fr,Enregistrement direct (vérifié disponible 21/08/2026),8 €,11.8,disponible (RDAP registre),
757,interphone-ia.fr,T6,Verticales françaises en .fr,Enregistrement direct (vérifié disponible 21/08/2026),8 €,11.8,disponible (RDAP registre),
758,geometre-ia.fr,T6,Verticales françaises en .fr,Enregistrement direct (vérifié disponible 21/08/2026),8 €,11.8,disponible (RDAP registre),
759,ravalement-ia.fr,T6,Verticales françaises en .fr,Enregistrement direct (vérifié disponible 21/08/2026),8 €,11.8,disponible (RDAP registre),
760,succession-ia.fr,T6,Verticales françaises en .fr,Enregistrement direct (vérifié disponible 21/08/2026),8 €,11.8,disponible (RDAP registre),
761,carreleur-ia.fr,T6,Verticales françaises en .fr,Enregistrement direct (vérifié disponible 21/08/2026),8 €,11.8,disponible (RDAP registre),
762,hotellerie-ia.fr,T6,Verticales françaises en .fr,Enregistrement direct (vérifié disponible 21/08/2026),8 €,11.8,disponible (RDAP registre),
763,toilettage-ia.fr,T6,Verticales françaises en .fr,Enregistrement direct (vérifié disponible 21/08/2026),8 €,11.8,disponible (RDAP registre),
764,telesoin-ia.fr,T6,Verticales françaises en .fr,Enregistrement direct (vérifié disponible 21/08/2026),8 €,11.8,disponible (RDAP registre),
765,prevoyance-ia.fr,T6,Verticales françaises en .fr,Enregistrement direct (vérifié disponible 21/08/2026),8 €,11.8,disponible (RDAP registre),
766,greffiers-ia.fr,T6,Verticales françaises en .fr,Enregistrement direct (vérifié disponible 21/08/2026),8 €,11.8,disponible (RDAP registre),
767,pergolas-ia.fr,T6,Verticales françaises en .fr,Enregistrement direct (vérifié disponible 21/08/2026),8 €,11.8,disponible (RDAP registre),
768,bailleur-ia.fr,T6,Verticales françaises en .fr,Enregistrement direct (vérifié disponible 21/08/2026),8 €,11.8,disponible (RDAP registre),
769,astreinte-ia.fr,T6,Verticales françaises en .fr,Enregistrement direct (vérifié disponible 21/08/2026),8 €,11.8,disponible (RDAP registre),
770,donation-ia.fr,T6,Verticales françaises en .fr,Enregistrement direct (vérifié disponible 21/08/2026),8 €,11.8,disponible (RDAP registre),
771,vacataires-ia.fr,T6,Verticales françaises en .fr,Enregistrement direct (vérifié disponible 21/08/2026),8 €,11.8,disponible (RDAP registre),
772,procedures-ia.fr,T6,Verticales françaises en .fr,Enregistrement direct (vérifié disponible 21/08/2026),8 €,11.8,disponible (RDAP registre),
773,storiste-ia.fr,T6,Verticales françaises en .fr,Enregistrement direct (vérifié disponible 21/08/2026),8 €,11.8,disponible (RDAP registre),
774,geothermie-ia.fr,T6,Verticales françaises en .fr,Enregistrement direct (vérifié disponible 21/08/2026),8 €,11.8,disponible (RDAP registre),
775,alternance-ia.fr,T6,Verticales françaises en .fr,Enregistrement direct (vérifié disponible 21/08/2026),8 €,11.8,disponible (RDAP registre),
776,proprete-ia.fr,T6,Verticales françaises en .fr,Enregistrement direct (vérifié disponible 21/08/2026),8 €,11.8,disponible (RDAP registre),
777,arbitrage-ia.fr,T6,Verticales françaises en .fr,Enregistrement direct (vérifié disponible 21/08/2026),8 €,11.8,disponible (RDAP registre),
778,fiscalite-ia.fr,T6,Verticales françaises en .fr,Enregistrement direct (vérifié disponible 21/08/2026),8 €,11.8,disponible (RDAP registre),
779,pedicure-ia.fr,T6,Verticales françaises en .fr,Enregistrement direct (vérifié disponible 21/08/2026),8 €,11.8,disponible (RDAP registre),
780,promotion-ia.fr,T6,Verticales françaises en .fr,Enregistrement direct (vérifié disponible 21/08/2026),8 €,11.8,disponible (RDAP registre),
781,zingueur-ia.fr,T6,Verticales françaises en .fr,Enregistrement direct (vérifié disponible 21/08/2026),8 €,11.8,disponible (RDAP registre),
782,serrurier-ia.fr,T6,Verticales françaises en .fr,Enregistrement direct (vérifié disponible 21/08/2026),8 €,11.8,disponible (RDAP registre),
783,cordonnier-ia.fr,T6,Verticales françaises en .fr,Enregistrement direct (vérifié disponible 21/08/2026),8 €,11.8,disponible (RDAP registre),
784,officine-ia.fr,T6,Verticales françaises en .fr,Enregistrement direct (vérifié disponible 21/08/2026),8 €,11.8,disponible (RDAP registre),
785,pressings-ia.fr,T6,Verticales françaises en .fr,Enregistrement direct (vérifié disponible 21/08/2026),8 €,11.8,disponible (RDAP registre),
786,patrimoine-ia.fr,T6,Verticales françaises en .fr,Enregistrement direct (vérifié disponible 21/08/2026),8 €,11.8,disponible (RDAP registre),
787,reporting-ia.fr,T6,Verticales françaises en .fr,Enregistrement direct (vérifié disponible 21/08/2026),8 €,11.8,disponible (RDAP registre),
788,promoteur-ia.fr,T6,Verticales françaises en .fr,Enregistrement direct (vérifié disponible 21/08/2026),8 €,11.8,disponible (RDAP registre),
789,gros-oeuvre-ia.fr,T6,Verticales françaises en .fr,Enregistrement direct (vérifié disponible 21/08/2026),8 €,11.8,disponible (RDAP registre),
790,verandas-ia.fr,T6,Verticales françaises en .fr,Enregistrement direct (vérifié disponible 21/08/2026),8 €,11.8,disponible (RDAP registre),
791,heritage-ia.fr,T6,Verticales françaises en .fr,Enregistrement direct (vérifié disponible 21/08/2026),8 €,11.8,disponible (RDAP registre),
792,couvreur-ia.fr,T6,Verticales françaises en .fr,Enregistrement direct (vérifié disponible 21/08/2026),8 €,11.8,disponible (RDAP registre),
793,planning-ia.fr,T6,Verticales françaises en .fr,Enregistrement direct (vérifié disponible 21/08/2026),8 €,11.8,disponible (RDAP registre),
794,urbanisme-ia.fr,T6,Verticales françaises en .fr,Enregistrement direct (vérifié disponible 21/08/2026),8 €,11.8,disponible (RDAP registre),
795,onboarding-ia.fr,T6,Verticales françaises en .fr,Enregistrement direct (vérifié disponible 21/08/2026),8 €,11.8,disponible (RDAP registre),
796,etancheite-ia.fr,T6,Verticales françaises en .fr,Enregistrement direct (vérifié disponible 21/08/2026),8 €,11.8,disponible (RDAP registre),
797,requetes-ia.fr,T6,Verticales françaises en .fr,Enregistrement direct (vérifié disponible 21/08/2026),8 €,11.8,disponible (RDAP registre),
798,usufruit-ia.fr,T6,Verticales françaises en .fr,Enregistrement direct (vérifié disponible 21/08/2026),8 €,11.8,disponible (RDAP registre),
799,emailing-ia.fr,T6,Verticales françaises en .fr,Enregistrement direct (vérifié disponible 21/08/2026),8 €,11.8,disponible (RDAP registre),
800,piscines-ia.fr,T6,Verticales françaises en .fr,Enregistrement direct (vérifié disponible 21/08/2026),8 €,11.8,disponible (RDAP registre),
801,cee-primes-ia.fr,T6,Verticales françaises en .fr,Enregistrement direct (vérifié disponible 21/08/2026),8 €,11.8,disponible (RDAP registre),
802,mandataire-ia.fr,T6,Verticales françaises en .fr,Enregistrement direct (vérifié disponible 21/08/2026),8 €,11.8,disponible (RDAP registre),
803,infirmier-ia.fr,T6,Verticales françaises en .fr,Enregistrement direct (vérifié disponible 21/08/2026),8 €,11.8,disponible (RDAP registre),
804,plomberie-ia.fr,T6,Verticales françaises en .fr,Enregistrement direct (vérifié disponible 21/08/2026),8 €,11.8,disponible (RDAP registre),
805,jardinerie-ia.fr,T6,Verticales françaises en .fr,Enregistrement direct (vérifié disponible 21/08/2026),8 €,11.8,disponible (RDAP registre),
806,avis-google-ia.fr,T6,Verticales françaises en .fr,Enregistrement direct (vérifié disponible 21/08/2026),8 €,11.8,disponible (RDAP registre),
807,permanence-ia.fr,T6,Verticales françaises en .fr,Enregistrement direct (vérifié disponible 21/08/2026),8 €,11.8,disponible (RDAP registre),
808,indivision-ia.fr,T6,Verticales françaises en .fr,Enregistrement direct (vérifié disponible 21/08/2026),8 €,11.8,disponible (RDAP registre),
809,coiffure-ia.fr,T6,Verticales françaises en .fr,Enregistrement direct (vérifié disponible 21/08/2026),8 €,11.8,disponible (RDAP registre),
810,crm-agence-ia.fr,T6,Verticales françaises en .fr,Enregistrement direct (vérifié disponible 21/08/2026),8 €,11.8,disponible (RDAP registre),
811,fleuriste-ia.fr,T6,Verticales françaises en .fr,Enregistrement direct (vérifié disponible 21/08/2026),8 €,11.8,disponible (RDAP registre),
812,domicile-ia.fr,T6,Verticales françaises en .fr,Enregistrement direct (vérifié disponible 21/08/2026),8 €,11.8,disponible (RDAP registre),
813,elagage-ia.fr,T6,Verticales françaises en .fr,Enregistrement direct (vérifié disponible 21/08/2026),8 €,10.9,disponible (RDAP registre),
814,avoue-ia.fr,T6,Verticales françaises en .fr,Enregistrement direct (vérifié disponible 21/08/2026),8 €,10.9,disponible (RDAP registre),
815,toiture-ia.fr,T6,Verticales françaises en .fr,Enregistrement direct (vérifié disponible 21/08/2026),8 €,10.9,disponible (RDAP registre),
816,optique-ia.fr,T6,Verticales françaises en .fr,Enregistrement direct (vérifié disponible 21/08/2026),8 €,10.9,disponible (RDAP registre),
817,alarme-ia.fr,T6,Verticales françaises en .fr,Enregistrement direct (vérifié disponible 21/08/2026),8 €,10.9,disponible (RDAP registre),
818,regies-ia.fr,T6,Verticales françaises en .fr,Enregistrement direct (vérifié disponible 21/08/2026),8 €,10.9,disponible (RDAP registre),
819,solier-ia.fr,T6,Verticales françaises en .fr,Enregistrement direct (vérifié disponible 21/08/2026),8 €,10.9,disponible (RDAP registre),
820,loyers-ia.fr,T6,Verticales françaises en .fr,Enregistrement direct (vérifié disponible 21/08/2026),8 €,10.9,disponible (RDAP registre),
821,viager-ia.fr,T6,Verticales françaises en .fr,Enregistrement direct (vérifié disponible 21/08/2026),8 €,10.9,disponible (RDAP registre),
822,saunas-ia.fr,T6,Verticales françaises en .fr,Enregistrement direct (vérifié disponible 21/08/2026),8 €,10.9,disponible (RDAP registre),
823,caution-ia.fr,T6,Verticales françaises en .fr,Enregistrement direct (vérifié disponible 21/08/2026),8 €,10.9,disponible (RDAP registre),
824,paysagistes-ia.fr,T6,Verticales françaises en .fr,Enregistrement direct (vérifié disponible 21/08/2026),8 €,9.2,disponible (RDAP registre),
825,affacturage-ia.fr,T6,Verticales françaises en .fr,Enregistrement direct (vérifié disponible 21/08/2026),8 €,9.2,disponible (RDAP registre),
826,bornes-recharge-ia.fr,T6,Verticales françaises en .fr,Enregistrement direct (vérifié disponible 21/08/2026),8 €,9.2,disponible (RDAP registre),
827,facturation-ia.fr,T6,Verticales françaises en .fr,Enregistrement direct (vérifié disponible 21/08/2026),8 €,9.2,disponible (RDAP registre),
828,rachat-credit-ia.fr,T6,Verticales françaises en .fr,Enregistrement direct (vérifié disponible 21/08/2026),8 €,9.2,disponible (RDAP registre),
829,tiers-payant-ia.fr,T6,Verticales françaises en .fr,Enregistrement direct (vérifié disponible 21/08/2026),8 €,9.2,disponible (RDAP registre),
830,facturation-medicale-ia.fr,T6,Verticales françaises en .fr,Enregistrement direct (vérifié disponible 21/08/2026),8 €,9.2,disponible (RDAP registre),
831,secretariat-medical-ia.fr,T6,Verticales françaises en .fr,Enregistrement direct (vérifié disponible 21/08/2026),8 €,8.8,disponible (RDAP registre),
832,teleconsultation-ia.fr,T6,Verticales françaises en .fr,Enregistrement direct (vérifié disponible 21/08/2026),8 €,8.8,disponible (RDAP registre),
833,agenda-medical-ia.fr,T6,Verticales françaises en .fr,Enregistrement direct (vérifié disponible 21/08/2026),8 €,8.8,disponible (RDAP registre),
834,jurisprudence-ia.fr,T6,Verticales françaises en .fr,Enregistrement direct (vérifié disponible 21/08/2026),8 €,8.4,disponible (RDAP registre),
835,avocats-fiscalistes-ia.fr,T6,Verticales françaises en .fr,Enregistrement direct (vérifié disponible 21/08/2026),8 €,8.4,disponible (RDAP registre),
836,foncieres-cotees-ia.fr,T6,Verticales françaises en .fr,Enregistrement direct (vérifié disponible 21/08/2026),8 €,8.4,disponible (RDAP registre),
837,contentieux-ia.fr,T6,Verticales françaises en .fr,Enregistrement direct (vérifié disponible 21/08/2026),8 €,8.4,disponible (RDAP registre),
838,huissiers-audienciers-ia.fr,T6,Verticales françaises en .fr,Enregistrement direct (vérifié disponible 21/08/2026),8 €,8.4,disponible (RDAP registre),
839,juristes-entreprise-ia.fr,T6,Verticales françaises en .fr,Enregistrement direct (vérifié disponible 21/08/2026),8 €,8.4,disponible (RDAP registre),
840,audit-energetique-ia.fr,T6,Verticales françaises en .fr,Enregistrement direct (vérifié disponible 21/08/2026),8 €,8.0,disponible (RDAP registre),
841,assurance-emprunteur-ia.fr,T6,Verticales françaises en .fr,Enregistrement direct (vérifié disponible 21/08/2026),8 €,7.1,disponible (RDAP registre),
842,cyberassurance-ia.fr,T6,Verticales françaises en .fr,Enregistrement direct (vérifié disponible 21/08/2026),8 €,7.1,disponible (RDAP registre),
843,indemnisation-ia.fr,T6,Verticales françaises en .fr,Enregistrement direct (vérifié disponible 21/08/2026),8 €,7.1,disponible (RDAP registre),
844,menuiserie-ia.fr,T6,Verticales françaises en .fr,Enregistrement direct (vérifié disponible 21/08/2026),8 €,6.7,disponible (RDAP registre),
845,audiences-ia.fr,T6,Verticales françaises en .fr,Enregistrement direct (vérifié disponible 21/08/2026),8 €,6.7,disponible (RDAP registre),
846,pentest-pme-ia.fr,T6,Verticales françaises en .fr,Enregistrement direct (vérifié disponible 21/08/2026),8 €,6.7,disponible (RDAP registre),
847,animalerie-ia.fr,T6,Verticales françaises en .fr,Enregistrement direct (vérifié disponible 21/08/2026),8 €,6.7,disponible (RDAP registre),
848,epicerie-ia.fr,T6,Verticales françaises en .fr,Enregistrement direct (vérifié disponible 21/08/2026),8 €,6.7,disponible (RDAP registre),
849,podologue-ia.fr,T6,Verticales françaises en .fr,Enregistrement direct (vérifié disponible 21/08/2026),8 €,6.7,disponible (RDAP registre),
850,mediation-ia.fr,T6,Verticales françaises en .fr,Enregistrement direct (vérifié disponible 21/08/2026),8 €,6.7,disponible (RDAP registre),
851,gpukit.io,T7,Infra & dev-tools en .io,Enregistrement direct (vérifié disponible 21/08/2026),40 $,36.3,disponible (RDAP registre),
852,embedbase.io,T7,Infra & dev-tools en .io,Enregistrement direct (vérifié disponible 21/08/2026),40 $,29.7,disponible (RDAP registre),
853,evalsdock.io,T7,Infra & dev-tools en .io,Enregistrement direct (vérifié disponible 21/08/2026),40 $,29.7,disponible (RDAP registre),
854,gpuboard.io,T7,Infra & dev-tools en .io,Enregistrement direct (vérifié disponible 21/08/2026),40 $,29.7,disponible (RDAP registre),
855,evalsuite.io,T7,Infra & dev-tools en .io,Enregistrement direct (vérifié disponible 21/08/2026),40 $,29.7,disponible (RDAP registre),
856,evalworks.io,T7,Infra & dev-tools en .io,Enregistrement direct (vérifié disponible 21/08/2026),40 $,29.7,disponible (RDAP registre),
857,evalslab.io,T7,Infra & dev-tools en .io,Enregistrement direct (vérifié disponible 21/08/2026),40 $,29.7,disponible (RDAP registre),
858,embedyard.io,T7,Infra & dev-tools en .io,Enregistrement direct (vérifié disponible 21/08/2026),40 $,29.7,disponible (RDAP registre),
859,evalsbase.io,T7,Infra & dev-tools en .io,Enregistrement direct (vérifié disponible 21/08/2026),40 $,29.7,disponible (RDAP registre),
860,inferyard.io,T7,Infra & dev-tools en .io,Enregistrement direct (vérifié disponible 21/08/2026),40 $,29.7,disponible (RDAP registre),
861,inferbase.io,T7,Infra & dev-tools en .io,Enregistrement direct (vérifié disponible 21/08/2026),40 $,29.7,disponible (RDAP registre),
862,agentmint.io,T7,Infra & dev-tools en .io,Enregistrement direct (vérifié disponible 21/08/2026),40 $,29.7,disponible (RDAP registre),
863,tpuops.io,T7,Infra & dev-tools en .io,Enregistrement direct (vérifié disponible 21/08/2026),40 $,26.4,disponible (RDAP registre),
864,tpulab.io,T7,Infra & dev-tools en .io,Enregistrement direct (vérifié disponible 21/08/2026),40 $,26.4,disponible (RDAP registre),
865,cudagrid.io,T7,Infra & dev-tools en .io,Enregistrement direct (vérifié disponible 21/08/2026),40 $,25.9,disponible (RDAP registre),
866,tpugrid.io,T7,Infra & dev-tools en .io,Enregistrement direct (vérifié disponible 21/08/2026),40 $,25.9,disponible (RDAP registre),
867,quotagrid.io,T7,Infra & dev-tools en .io,Enregistrement direct (vérifié disponible 21/08/2026),40 $,25.9,disponible (RDAP registre),
868,mergegrid.io,T7,Infra & dev-tools en .io,Enregistrement direct (vérifié disponible 21/08/2026),40 $,25.9,disponible (RDAP registre),
869,audityard.io,T7,Infra & dev-tools en .io,Enregistrement direct (vérifié disponible 21/08/2026),40 $,24.8,disponible (RDAP registre),
870,auditdock.io,T7,Infra & dev-tools en .io,Enregistrement direct (vérifié disponible 21/08/2026),40 $,24.8,disponible (RDAP registre),
871,evalsboard.io,T7,Infra & dev-tools en .io,Enregistrement direct (vérifié disponible 21/08/2026),40 $,24.2,disponible (RDAP registre),
872,infersuite.io,T7,Infra & dev-tools en .io,Enregistrement direct (vérifié disponible 21/08/2026),40 $,24.2,disponible (RDAP registre),
873,replicagrid.io,T7,Infra & dev-tools en .io,Enregistrement direct (vérifié disponible 21/08/2026),40 $,20.4,disponible (RDAP registre),
874,rotategrid.io,T7,Infra & dev-tools en .io,Enregistrement direct (vérifié disponible 21/08/2026),40 $,20.4,disponible (RDAP registre),
875,spanyard.io,T7,Infra & dev-tools en .io,Enregistrement direct (vérifié disponible 21/08/2026),40 $,19.8,disponible (RDAP registre),
876,stubkit.io,T7,Infra & dev-tools en .io,Enregistrement direct (vérifié disponible 21/08/2026),40 $,19.8,disponible (RDAP registre),
877,cudastack.io,T7,Infra & dev-tools en .io,Enregistrement direct (vérifié disponible 21/08/2026),40 $,19.8,disponible (RDAP registre),
878,seatyard.io,T7,Infra & dev-tools en .io,Enregistrement direct (vérifié disponible 21/08/2026),40 $,19.8,disponible (RDAP registre),
879,prunemint.io,T7,Infra & dev-tools en .io,Enregistrement direct (vérifié disponible 21/08/2026),40 $,19.8,disponible (RDAP registre),
880,metermint.io,T7,Infra & dev-tools en .io,Enregistrement direct (vérifié disponible 21/08/2026),40 $,19.8,disponible (RDAP registre),
881,lintlab.io,T7,Infra & dev-tools en .io,Enregistrement direct (vérifié disponible 21/08/2026),40 $,19.8,disponible (RDAP registre),
882,cronforge.io,T7,Infra & dev-tools en .io,Enregistrement direct (vérifié disponible 21/08/2026),40 $,19.8,disponible (RDAP registre),
883,flakeops.io,T7,Infra & dev-tools en .io,Enregistrement direct (vérifié disponible 21/08/2026),40 $,19.8,disponible (RDAP registre),
884,spanbase.io,T7,Infra & dev-tools en .io,Enregistrement direct (vérifié disponible 21/08/2026),40 $,19.8,disponible (RDAP registre),
885,budgethub.io,T7,Infra & dev-tools en .io,Enregistrement direct (vérifié disponible 21/08/2026),40 $,19.8,disponible (RDAP registre),
886,batchops.io,T7,Infra & dev-tools en .io,Enregistrement direct (vérifié disponible 21/08/2026),40 $,19.8,disponible (RDAP registre),
887,certmint.io,T7,Infra & dev-tools en .io,Enregistrement direct (vérifié disponible 21/08/2026),40 $,19.8,disponible (RDAP registre),
888,usagekit.io,T7,Infra & dev-tools en .io,Enregistrement direct (vérifié disponible 21/08/2026),40 $,19.8,disponible (RDAP registre),
889,seatdesk.io,T7,Infra & dev-tools en .io,Enregistrement direct (vérifié disponible 21/08/2026),40 $,19.8,disponible (RDAP registre),
890,flakeyard.io,T7,Infra & dev-tools en .io,Enregistrement direct (vérifié disponible 21/08/2026),40 $,19.8,disponible (RDAP registre),
891,kernelkit.io,T7,Infra & dev-tools en .io,Enregistrement direct (vérifié disponible 21/08/2026),40 $,19.8,disponible (RDAP registre),
892,quorumops.io,T7,Infra & dev-tools en .io,Enregistrement direct (vérifié disponible 21/08/2026),40 $,19.8,disponible (RDAP registre),
893,usagedock.io,T7,Infra & dev-tools en .io,Enregistrement direct (vérifié disponible 21/08/2026),40 $,19.8,disponible (RDAP registre),
894,rerankops.io,T7,Infra & dev-tools en .io,Enregistrement direct (vérifié disponible 21/08/2026),40 $,19.8,disponible (RDAP registre),
895,retrylab.io,T7,Infra & dev-tools en .io,Enregistrement direct (vérifié disponible 21/08/2026),40 $,19.8,disponible (RDAP registre),
896,queuedesk.io,T7,Infra & dev-tools en .io,Enregistrement direct (vérifié disponible 21/08/2026),40 $,19.8,disponible (RDAP registre),
897,shardhub.io,T7,Infra & dev-tools en .io,Enregistrement direct (vérifié disponible 21/08/2026),40 $,19.8,disponible (RDAP registre),
898,probeops.io,T7,Infra & dev-tools en .io,Enregistrement direct (vérifié disponible 21/08/2026),40 $,19.8,disponible (RDAP registre),
899,cronsuite.io,T7,Infra & dev-tools en .io,Enregistrement direct (vérifié disponible 21/08/2026),40 $,19.8,disponible (RDAP registre),
900,lintsuite.io,T7,Infra & dev-tools en .io,Enregistrement direct (vérifié disponible 21/08/2026),40 $,19.8,disponible (RDAP registre),
901,spankit.io,T7,Infra & dev-tools en .io,Enregistrement direct (vérifié disponible 21/08/2026),40 $,19.8,disponible (RDAP registre),
902,meterdock.io,T7,Infra & dev-tools en .io,Enregistrement direct (vérifié disponible 21/08/2026),40 $,19.8,disponible (RDAP registre),
903,vramboard.io,T7,Infra & dev-tools en .io,Enregistrement direct (vérifié disponible 21/08/2026),40 $,19.8,disponible (RDAP registre),
904,patchyard.io,T7,Infra & dev-tools en .io,Enregistrement direct (vérifié disponible 21/08/2026),40 $,19.8,disponible (RDAP registre),
905,seatlabs.io,T7,Infra & dev-tools en .io,Enregistrement direct (vérifié disponible 21/08/2026),40 $,19.8,disponible (RDAP registre),
906,vramlab.io,T7,Infra & dev-tools en .io,Enregistrement direct (vérifié disponible 21/08/2026),40 $,19.8,disponible (RDAP registre),
907,quotayard.io,T7,Infra & dev-tools en .io,Enregistrement direct (vérifié disponible 21/08/2026),40 $,19.8,disponible (RDAP registre),
908,prunekit.io,T7,Infra & dev-tools en .io,Enregistrement direct (vérifié disponible 21/08/2026),40 $,19.8,disponible (RDAP registre),
909,meterkit.io,T7,Infra & dev-tools en .io,Enregistrement direct (vérifié disponible 21/08/2026),40 $,19.8,disponible (RDAP registre),
910,cudaops.io,T7,Infra & dev-tools en .io,Enregistrement direct (vérifié disponible 21/08/2026),40 $,19.8,disponible (RDAP registre),
911,hirechargers.com,T8a,Verbe + objet — l'action,Enregistrement direct (vérifié disponible 21/08/2026),11 $,58.0,disponible (RDAP registre),
912,stakelocums.com,T8a,Verbe + objet — l'action,Enregistrement direct (vérifié disponible 21/08/2026),11 $,57.0,disponible (RDAP registre),
913,rentlocums.com,T8a,Verbe + objet — l'action,Enregistrement direct (vérifié disponible 21/08/2026),11 $,57.0,disponible (RDAP registre),
914,verifytitles.com,T8a,Verbe + objet — l'action,Enregistrement direct (vérifié disponible 21/08/2026),11 $,56.0,disponible (RDAP registre),
915,routedeeds.com,T8a,Verbe + objet — l'action,Enregistrement direct (vérifié disponible 21/08/2026),11 $,56.0,disponible (RDAP registre),
916,charterdeeds.com,T8a,Verbe + objet — l'action,Enregistrement direct (vérifié disponible 21/08/2026),11 $,56.0,disponible (RDAP registre),
917,settletitles.com,T8a,Verbe + objet — l'action,Enregistrement direct (vérifié disponible 21/08/2026),11 $,56.0,disponible (RDAP registre),
918,surveytitles.com,T8a,Verbe + objet — l'action,Enregistrement direct (vérifié disponible 21/08/2026),11 $,56.0,disponible (RDAP registre),
919,metertitles.com,T8a,Verbe + objet — l'action,Enregistrement direct (vérifié disponible 21/08/2026),11 $,56.0,disponible (RDAP registre),
920,hiresilos.com,T8a,Verbe + objet — l'action,Enregistrement direct (vérifié disponible 21/08/2026),11 $,54.0,disponible (RDAP registre),
921,trackrigs.com,T8a,Verbe + objet — l'action,Enregistrement direct (vérifié disponible 21/08/2026),11 $,54.0,disponible (RDAP registre),
922,stakerigs.com,T8a,Verbe + objet — l'action,Enregistrement direct (vérifié disponible 21/08/2026),11 $,54.0,disponible (RDAP registre),
923,auditpanels.com,T8a,Verbe + objet — l'action,Enregistrement direct (vérifié disponible 21/08/2026),11 $,53.0,disponible (RDAP registre),
924,auditpermits.com,T8a,Verbe + objet — l'action,Enregistrement direct (vérifié disponible 21/08/2026),11 $,53.0,disponible (RDAP registre),
925,auditbonds.com,T8a,Verbe + objet — l'action,Enregistrement direct (vérifié disponible 21/08/2026),11 $,53.0,disponible (RDAP registre),
926,audithoists.com,T8a,Verbe + objet — l'action,Enregistrement direct (vérifié disponible 21/08/2026),11 $,53.0,disponible (RDAP registre),
927,reclaimtugs.com,T8a,Verbe + objet — l'action,Enregistrement direct (vérifié disponible 21/08/2026),11 $,53.0,disponible (RDAP registre),
928,permitrigs.com,T8a,Verbe + objet — l'action,Enregistrement direct (vérifié disponible 21/08/2026),11 $,44.0,disponible (RDAP registre),
929,chartersilos.com,T8a,Verbe + objet — l'action,Enregistrement direct (vérifié disponible 21/08/2026),11 $,44.0,disponible (RDAP registre),
930,metermeters.com,T8a,Verbe + objet — l'action,Enregistrement direct (vérifié disponible 21/08/2026),11 $,44.0,disponible (RDAP registre),
931,leasehoists.com,T8a,Verbe + objet — l'action,Enregistrement direct (vérifié disponible 21/08/2026),11 $,44.0,disponible (RDAP registre),
932,recoverwells.com,T8a,Verbe + objet — l'action,Enregistrement direct (vérifié disponible 21/08/2026),11 $,44.0,disponible (RDAP registre),
933,leaserosters.com,T8a,Verbe + objet — l'action,Enregistrement direct (vérifié disponible 21/08/2026),11 $,44.0,disponible (RDAP registre),
934,permitrobots.com,T8a,Verbe + objet — l'action,Enregistrement direct (vérifié disponible 21/08/2026),11 $,44.0,disponible (RDAP registre),
935,trackhoists.com,T8a,Verbe + objet — l'action,Enregistrement direct (vérifié disponible 21/08/2026),11 $,44.0,disponible (RDAP registre),
936,insurebarges.com,T8a,Verbe + objet — l'action,Enregistrement direct (vérifié disponible 21/08/2026),11 $,44.0,disponible (RDAP registre),
937,settlesilos.com,T8a,Verbe + objet — l'action,Enregistrement direct (vérifié disponible 21/08/2026),11 $,44.0,disponible (RDAP registre),
938,stakehoists.com,T8a,Verbe + objet — l'action,Enregistrement direct (vérifié disponible 21/08/2026),11 $,44.0,disponible (RDAP registre),
939,inspectloads.com,T8a,Verbe + objet — l'action,Enregistrement direct (vérifié disponible 21/08/2026),11 $,44.0,disponible (RDAP registre),
940,routecranes.com,T8a,Verbe + objet — l'action,Enregistrement direct (vérifié disponible 21/08/2026),11 $,44.0,disponible (RDAP registre),
941,rentsureties.com,T8a,Verbe + objet — l'action,Enregistrement direct (vérifié disponible 21/08/2026),11 $,44.0,disponible (RDAP registre),
942,insurepanels.com,T8a,Verbe + objet — l'action,Enregistrement direct (vérifié disponible 21/08/2026),11 $,44.0,disponible (RDAP registre),
943,routesilos.com,T8a,Verbe + objet — l'action,Enregistrement direct (vérifié disponible 21/08/2026),11 $,44.0,disponible (RDAP registre),
944,surveycrews.com,T8a,Verbe + objet — l'action,Enregistrement direct (vérifié disponible 21/08/2026),11 $,44.0,disponible (RDAP registre),
945,certifysilos.com,T8a,Verbe + objet — l'action,Enregistrement direct (vérifié disponible 21/08/2026),11 $,44.0,disponible (RDAP registre),
946,escortbonds.com,T8a,Verbe + objet — l'action,Enregistrement direct (vérifié disponible 21/08/2026),11 $,44.0,disponible (RDAP registre),
947,hirepallets.com,T8a,Verbe + objet — l'action,Enregistrement direct (vérifié disponible 21/08/2026),11 $,44.0,disponible (RDAP registre),
948,clearmeters.com,T8a,Verbe + objet — l'action,Enregistrement direct (vérifié disponible 21/08/2026),11 $,44.0,disponible (RDAP registre),
949,verifyrigs.com,T8a,Verbe + objet — l'action,Enregistrement direct (vérifié disponible 21/08/2026),11 $,44.0,disponible (RDAP registre),
950,bondrosters.com,T8a,Verbe + objet — l'action,Enregistrement direct (vérifié disponible 21/08/2026),11 $,44.0,disponible (RDAP registre),
951,trackrosters.com,T8a,Verbe + objet — l'action,Enregistrement direct (vérifié disponible 21/08/2026),11 $,44.0,disponible (RDAP registre),
952,settlecrews.com,T8a,Verbe + objet — l'action,Enregistrement direct (vérifié disponible 21/08/2026),11 $,44.0,disponible (RDAP registre),
953,settlefleets.com,T8a,Verbe + objet — l'action,Enregistrement direct (vérifié disponible 21/08/2026),11 $,44.0,disponible (RDAP registre),
954,charterbonds.com,T8a,Verbe + objet — l'action,Enregistrement direct (vérifié disponible 21/08/2026),11 $,44.0,disponible (RDAP registre),
955,hireparcels.com,T8a,Verbe + objet — l'action,Enregistrement direct (vérifié disponible 21/08/2026),11 $,44.0,disponible (RDAP registre),
956,licenserigs.com,T8a,Verbe + objet — l'action,Enregistrement direct (vérifié disponible 21/08/2026),11 $,44.0,disponible (RDAP registre),
957,permitwells.com,T8a,Verbe + objet — l'action,Enregistrement direct (vérifié disponible 21/08/2026),11 $,44.0,disponible (RDAP registre),
958,meterhoists.com,T8a,Verbe + objet — l'action,Enregistrement direct (vérifié disponible 21/08/2026),11 $,44.0,disponible (RDAP registre),
959,escortbarges.com,T8a,Verbe + objet — l'action,Enregistrement direct (vérifié disponible 21/08/2026),11 $,44.0,disponible (RDAP registre),
960,invoicehumanoids.com,T8a,Verbe + objet — l'action,Enregistrement direct (vérifié disponible 21/08/2026),11 $,38.0,disponible (RDAP registre),
961,insurechargers.com,T8a,Verbe + objet — l'action,Enregistrement direct (vérifié disponible 21/08/2026),11 $,38.0,disponible (RDAP registre),
962,invoicevariances.com,T8a,Verbe + objet — l'action,Enregistrement direct (vérifié disponible 21/08/2026),11 $,38.0,disponible (RDAP registre),
963,invoicerosters.com,T8a,Verbe + objet — l'action,Enregistrement direct (vérifié disponible 21/08/2026),11 $,38.0,disponible (RDAP registre),
964,leasechargers.com,T8a,Verbe + objet — l'action,Enregistrement direct (vérifié disponible 21/08/2026),11 $,38.0,disponible (RDAP registre),
965,routechargers.com,T8a,Verbe + objet — l'action,Enregistrement direct (vérifié disponible 21/08/2026),11 $,38.0,disponible (RDAP registre),
966,invoicefleets.com,T8a,Verbe + objet — l'action,Enregistrement direct (vérifié disponible 21/08/2026),11 $,38.0,disponible (RDAP registre),
967,invoicepanels.com,T8a,Verbe + objet — l'action,Enregistrement direct (vérifié disponible 21/08/2026),11 $,38.0,disponible (RDAP registre),
968,reclaimlocums.com,T8a,Verbe + objet — l'action,Enregistrement direct (vérifié disponible 21/08/2026),11 $,37.0,disponible (RDAP registre),
969,retrofitlocums.com,T8a,Verbe + objet — l'action,Enregistrement direct (vérifié disponible 21/08/2026),11 $,37.0,disponible (RDAP registre),
970,winterizelocums.com,T8a,Verbe + objet — l'action,Enregistrement direct (vérifié disponible 21/08/2026),11 $,37.0,disponible (RDAP registre),
971,gubudi.com,T8b,Brandables 6 lettres,Enregistrement direct (vérifié disponible 21/08/2026),11 $,41.0,disponible (RDAP registre),
972,mezuge.com,T8b,Brandables 6 lettres,Enregistrement direct (vérifié disponible 21/08/2026),11 $,41.0,disponible (RDAP registre),
973,fefezu.com,T8b,Brandables 6 lettres,Enregistrement direct (vérifié disponible 21/08/2026),11 $,41.0,disponible (RDAP registre),
974,ditovi.com,T8b,Brandables 6 lettres,Enregistrement direct (vérifié disponible 21/08/2026),11 $,41.0,disponible (RDAP registre),
975,bupob.com,T8b,Brandables 6 lettres,Enregistrement direct (vérifié disponible 21/08/2026),11 $,41.0,disponible (RDAP registre),
976,rafiri.com,T8b,Brandables 6 lettres,Enregistrement direct (vérifié disponible 21/08/2026),11 $,41.0,disponible (RDAP registre),
977,besivu.com,T8b,Brandables 6 lettres,Enregistrement direct (vérifié disponible 21/08/2026),11 $,41.0,disponible (RDAP registre),
978,vumebu.com,T8b,Brandables 6 lettres,Enregistrement direct (vérifié disponible 21/08/2026),11 $,41.0,disponible (RDAP registre),
979,zusad.com,T8b,Brandables 6 lettres,Enregistrement direct (vérifié disponible 21/08/2026),11 $,41.0,disponible (RDAP registre),
980,zegudo.com,T8b,Brandables 6 lettres,Enregistrement direct (vérifié disponible 21/08/2026),11 $,41.0,disponible (RDAP registre),
981,senimi.com,T8b,Brandables 6 lettres,Enregistrement direct (vérifié disponible 21/08/2026),11 $,41.0,disponible (RDAP registre),
982,fedelu.com,T8b,Brandables 6 lettres,Enregistrement direct (vérifié disponible 21/08/2026),11 $,41.0,disponible (RDAP registre),
983,vigese.com,T8b,Brandables 6 lettres,Enregistrement direct (vérifié disponible 21/08/2026),11 $,41.0,disponible (RDAP registre),
984,vutuvi.com,T8b,Brandables 6 lettres,Enregistrement direct (vérifié disponible 21/08/2026),11 $,41.0,disponible (RDAP registre),
985,nalose.com,T8b,Brandables 6 lettres,Enregistrement direct (vérifié disponible 21/08/2026),11 $,41.0,disponible (RDAP registre),
986,tecubu.com,T8b,Brandables 6 lettres,Enregistrement direct (vérifié disponible 21/08/2026),11 $,41.0,disponible (RDAP registre),
987,tubodu.com,T8b,Brandables 6 lettres,Enregistrement direct (vérifié disponible 21/08/2026),11 $,41.0,disponible (RDAP registre),
988,duzeba.com,T8b,Brandables 6 lettres,Enregistrement direct (vérifié disponible 21/08/2026),11 $,41.0,disponible (RDAP registre),
989,diduzu.com,T8b,Brandables 6 lettres,Enregistrement direct (vérifié disponible 21/08/2026),11 $,41.0,disponible (RDAP registre),
990,sepuni.com,T8b,Brandables 6 lettres,Enregistrement direct (vérifié disponible 21/08/2026),11 $,41.0,disponible (RDAP registre),
991,zabigu.com,T8b,Brandables 6 lettres,Enregistrement direct (vérifié disponible 21/08/2026),11 $,41.0,disponible (RDAP registre),
992,deziso.com,T8b,Brandables 6 lettres,Enregistrement direct (vérifié disponible 21/08/2026),11 $,41.0,disponible (RDAP registre),
993,fivicu.com,T8b,Brandables 6 lettres,Enregistrement direct (vérifié disponible 21/08/2026),11 $,41.0,disponible (RDAP registre),
994,fimub.com,T8b,Brandables 6 lettres,Enregistrement direct (vérifié disponible 21/08/2026),11 $,41.0,disponible (RDAP registre),
995,vidagu.com,T8b,Brandables 6 lettres,Enregistrement direct (vérifié disponible 21/08/2026),11 $,41.0,disponible (RDAP registre),
996,sivupu.com,T8b,Brandables 6 lettres,Enregistrement direct (vérifié disponible 21/08/2026),11 $,41.0,disponible (RDAP registre),
997,secize.com,T8b,Brandables 6 lettres,Enregistrement direct (vérifié disponible 21/08/2026),11 $,41.0,disponible (RDAP registre),
998,ticucu.com,T8b,Brandables 6 lettres,Enregistrement direct (vérifié disponible 21/08/2026),11 $,41.0,disponible (RDAP registre),
999,gosasu.com,T8b,Brandables 6 lettres,Enregistrement direct (vérifié disponible 21/08/2026),11 $,41.0,disponible (RDAP registre),
1000,demecu.com,T8b,Brandables 6 lettres,Enregistrement direct (vérifié disponible 21/08/2026),11 $,41.0,disponible (RDAP registre),
